time,Real,Predicted Value
39.016099,33.63841637198519,22.26526843479854
39.33513,34.04758050650779,22.435763223414003
39.600989,34.46196897192577,22.526248108140766
39.902591,34.890742441651035,22.599849324004175
40.234127,35.29902653302848,22.69120931705472
40.527773,35.718930483802936,22.80978978480819
40.840364,36.16905857055704,22.885213594699323
41.100857,36.634639227975846,22.886549286351414
41.413448,37.092403128337104,22.881542087596536
41.726039,37.57661767126683,22.8395632071023
42.03863,37.985941365013886,22.776443551838785
42.310637,38.28733558047456,22.75867161512798
42.627978,38.52238770231405,22.879443143571827
42.945319,38.74614566296726,23.14895676801139
43.226393,39.00697235684687,23.589327067967236
43.530587,39.31188181006681,24.06270145327717
43.804861,39.6376491082972,24.256284626164465
44.133989,39.999782750178326,24.21284832842423
44.434607,40.39348444439349,24.18553244717473
44.720969,40.76093946865702,24.274112490850854
45.007331,41.11426609932474,24.330376034284427
45.341421,41.46275824998569,24.327793477764995
45.627783,41.83779151494032,24.488724582556266
45.934714,42.25791424279571,25.08149861596787
46.215165,42.69381359458606,25.98636391264008
46.542358,43.15955545616977,26.350787311639074
46.8029,43.68553997215554,26.314131458467692
47.107783,44.2085191819241,26.502697562957362
47.401808,44.70158843934052,26.571765322917866
47.70502,45.21163677216687,26.561270602794306
48.020783,45.76385808846153,26.48503748219772
48.330214,46.328812888843416,26.5893036780836
48.62843,46.940048089017836,26.897772782455164
48.937204,47.64767351016408,27.35328311438863
49.207382,48.37776717302941,27.95170587333383
49.543559,49.11208833287241,28.690379545629327
49.823772,49.80416413186694,28.899441608228642
50.132005,50.419128412060175,29.139109432993934
50.44005,51.01395862104458,29.606071840397657
50.726341,51.587529619546714,29.986339305890397
51.020381,52.18553456361552,29.802425093016627
51.34015,52.770412882827586,29.582585380534933
51.623163,53.276475524923626,29.456132227748334
51.901365,53.7334235348176,29.38391276186985
52.228623,54.145336364845924,29.44189033326091
52.524993,54.533190295732055,29.805086606678053
52.800467,54.98619044852625,30.806026295754123
53.111231,55.53846275797512,31.9594190664997
53.411188,56.16679053445109,32.480424347718376
53.734052,56.9164293798412,32.660440051706125
54.018936,57.73653747446223,33.10187298319799
54.30382,58.494157570955714,33.57805363692968
54.612331,59.204324425109945,34.597528515089174
54.908502,59.86733083632649,35.20412662811181
55.204087,60.423373349305635,35.22935343497935
55.53259,60.86173353202151,36.021790341211904
55.828121,61.24711018257754,36.64832513258839
56.137558,61.632440774800735,36.518246531031835
56.431994,62.044557577445886,36.44213513602916
56.707873,62.53076249833008,36.29233369837833
57.018237,63.24746634586534,36.40851255306277
57.341015,64.11350117808038,36.739096236954886
57.633102,65.01378038075504,37.53874785203727
57.90717,65.91922469646855,39.60058530989218
58.229041,66.78968112863532,40.89751558502361
58.508229,67.71491736794235,41.387658493364825
58.831499,68.78352990747034,42.348432026331636
59.122442,69.90088203277591,42.05181965278305
59.406919,70.95806881588098,41.27133817380098
59.726957,72.06981498410488,40.94695591543642
60.011679,73.19733284144237,41.261021107246904
60.328316,74.34011245635139,41.654921839257526
60.604684,75.57878223033295,42.323034145656436
60.90624,76.82375212626955,44.798113545429935
61.224159,78.09705447665885,47.538166533978256
61.506754,79.2555728818723,48.76547634915522
61.824674,80.33418007962453,48.588803164178614
62.107269,81.33255366158576,47.852195537098666
62.417542,82.19472617360486,48.11005969321299
62.701237,83.03121787518994,51.81793971941305
63.019351,83.83779797948242,52.4766956044855
63.312221,84.62958677917442,51.65424840453285
63.621042,85.42607352881515,51.613516388905964
63.904128,86.38783731593782,52.44909679347718
64.212949,87.73817551786735,52.73246081657511
64.514049,89.41011273890607,55.11637103639122
64.825444,91.23929310822868,55.31451069434783
65.119871,93.18887653933251,55.605632256646814
65.406252,95.3632838525065,56.66468440223152
65.700822,97.49250794117359,57.420370048746115
66.000112,99.60982266092304,57.1292813852563
66.30491,101.83497967711457,57.91704666058745
66.616796,103.98964112502787,58.45363939758839
66.902692,105.8782630627494,58.62122264159277
67.20152,107.70069259643142,60.12527723946372
67.500247,109.51706874922712,61.56892633382725
67.804727,111.37144960636996,63.56693023225977
68.11409,113.67268840863593,66.9324816996959
68.424403,116.78846224725041,69.8966084774654
68.702451,120.68824102730852,69.54856539554956
69.01474,124.64502686388735,71.86182542268433
69.323641,128.32627859394944,72.85100378748399
69.622246,131.87073049574263,70.72632960412439
69.905405,135.1550054551372,73.11986272562118
70.202429,137.88810692530902,73.56273662495447
70.521322,140.02888507575477,72.61520486267648
70.82175,141.66690362454463,72.38251487533503
71.104211,142.8618410115035,73.29751300522999
71.419454,143.99424434200193,77.92425677140186
71.709994,145.29731353492352,80.52008467045277
72.000534,146.55324531407382,81.74990795464993
72.317488,147.55272429602297,84.24882254166329
72.605354,148.79615452769067,87.72035752282369
72.913958,151.14186594018557,87.40851629051275
73.205946,153.80981460868747,91.73724948374652
73.513621,155.2848919354461,94.02450629211748
73.816187,156.4236907944462,98.08015305023642
74.104789,158.37890650167904,96.78361756081495
74.412009,161.27214621534122,98.9117954673506
74.71923,164.81533480286248,103.41603722771657
75.000849,168.4652602868379,100.59054274188645
75.316048,171.8753534520022,103.80283510682852
75.608365,174.80408440099134,109.31176044075349
75.901103,177.6232359964145,107.79366463113104
76.213364,180.0888306695058,110.14508069713511
76.513578,181.9950008320358,115.90993244731459
76.809386,183.650297835399,121.11658352263373
77.115176,184.8736992720472,116.93226294210959
77.418376,185.60140777124806,121.4852738971814
77.715318,185.82284307597425,121.7144601613468
78.008757,185.78690441684267,123.67828219705714
78.318772,186.28541349235448,124.85882306512548
78.607992,187.43683233455016,128.0411117161093
78.90022,188.57539432212428,129.54754160800192
79.204211,189.1597298109851,130.47980832282747
79.51173,189.57068857554765,133.6483452715804
79.818485,190.88304839217736,131.87405985523012
80.118936,192.67508600595298,135.61594409058287
80.419388,195.27301284902862,139.22561459166428
80.71984,199.32209300483825,139.7267818909566
81.020292,203.97391882311734,142.36472684550026
81.320743,209.29685402931025,146.61888501811936
81.621195,213.90166086953107,145.55984603205832
81.921647,215.61905766507365,150.39853708639325
82.200037,215.90930411904887,157.7846355724504
82.503311,217.41653016212328,158.57658886618825
82.816762,221.99145172409882,162.92446916635592
83.101107,227.9806141349255,161.3114931911023
83.421274,231.35096553861877,172.10663208043047
83.711816,231.88450526612922,169.8576300073563
84.008752,231.77496539113423,170.79496971855505
84.305935,232.25332723591356,171.0461850253372
84.609922,233.7896489858133,168.73275392439476
84.91391,236.28223384194337,184.7964528681283
85.218332,238.87967378264335,182.3626384446902
85.506073,240.48884665555755,182.5754937399862
85.807387,240.92992756979135,177.82430035850587
86.108701,241.48402247326794,181.90946392820743
86.410014,242.87882670566455,194.44322592475132
86.70267,243.91742895147243,188.14702550775172
87.003677,244.6266483199227,187.59369385664775
87.31518,245.1727685520578,194.61706323237792
87.60828,245.82769172586254,185.5914328523093
87.900805,246.85942470031682,201.90520222426608
88.214224,248.4115115595683,207.44082165194735
88.506748,250.41215394249585,199.05253332206587
88.820168,253.06190298976782,208.27443799761144
89.112692,256.20558159831586,218.7785277020208
89.411485,258.40490646955124,210.17275192451288
89.710278,259.5041478004116,209.91020626785442
90.011297,259.6800643127774,217.6682586903284
90.314501,258.5268689348868,221.182206816264
90.618921,258.30478881350103,219.4587961184061
90.90289,259.2856470694629,228.74081349805752
91.208703,261.800879465822,225.46178918860565
91.514517,264.1132709643948,223.48297845543985
91.82033,265.2037480524937,224.3103835059336
92.106115,267.1926784593586,226.5608068075637
92.414652,268.9792680303365,224.62354069061115
92.717959,269.4861992009945,236.69577187314442
93.01644,269.2379842656082,230.35448692806546
93.303145,268.60895903437796,239.81989542952493
93.610482,269.8416379352106,237.0790429999139
93.905959,273.0588782810511,232.901881200264
94.201436,273.70193156450915,234.9104192973911
94.515907,271.8694415749846,237.53076996879344
94.817715,269.06817377222336,235.61092706117455
95.107827,266.97604638077047,234.73108130887215
95.405519,265.06702060160495,239.11001808489135
95.721688,263.2974594542507,233.26937405815806
96.015274,261.9702951734969,240.3690160330558
96.308859,261.35885106588427,244.1754608915135
96.602445,261.3387169946754,240.38267561862102
96.918614,262.85798400190413,247.2920572003571
97.2122,265.8847534022043,243.18046930713442
97.505785,266.93901548117464,244.61933162476447
97.821954,266.3378621210687,253.10253959884813
98.10599,265.72502310394754,257.87515668485656
98.414456,266.36526024934113,252.70120044608538
98.709024,269.2592500558523,254.2807907097986
99.003269,272.0665449204525,253.42863259528926
99.318532,272.4351168592872,260.48205832307235
99.610404,270.89916357605006,262.44538029688334
99.912554,269.35386703101017,255.34068506489794
100.2152,269.3269426455897,265.5044431682596
100.5193,268.9021005835597,262.05675324398186
100.81629,267.4466046280159,258.1202396536104
101.1128,266.69974902188113,269.2170079848848
101.40642,268.8150634940334,260.3872834336305
101.71338,271.4946846600269,263.4266859766499
102.01216,272.4993353347768,264.03278731765414
102.31199,273.6972994121788,267.3729902526288
102.61324,276.7505457740947,262.43943219218636
102.91647,282.3089969753363,258.0193324261402
103.20883,289.01016857363044,256.2162144934379
103.51279,294.9933565607128,256.8809020338028
103.81675,299.18974442443863,255.54750013883128
104.12,301.0959540655396,249.79465645399694
104.40888,301.72429500153925,248.89583466856828
104.71764,300.7025106269764,252.9909731572086
105.0126,298.5733523359276,251.19119774351742
105.30755,297.78899208734504,250.01273608018832
105.61971,299.0768357113851,253.78833501517312
105.916,299.33407808000624,258.64614685739457
106.20234,299.3407367989812,268.2532044715939
106.50189,300.8920867249074,265.2670453613267
106.81687,304.5710684371371,272.3217870414764
107.11246,308.1452213838443,266.26069467429187
107.40563,310.4732200774849,274.13795922165525
107.72279,311.7558525301533,275.0915772636287
108.01596,312.5313169407377,263.0716683471911
108.30426,312.3308710762587,277.07479643722263
108.6206,311.24092036910645,275.6242221435299
108.92536,311.38109561519565,261.7743235470642
109.22494,313.2326932330831,262.72728361285436
109.52452,315.7150531393248,273.58465388959866
109.8241,317.1881302184862,284.81051714803556
110.11067,317.7026939128704,279.8465342688775
110.40914,318.88555085710396,278.85699072729614
110.70469,319.66304183433294,282.1782439481919
111.00733,318.9077378140047,294.1122211750912
111.30997,317.51811843393244,293.72401522694696
111.61261,316.5377076017752,293.87963975381996
111.91156,316.2207999528529,298.95010949848245
112.20262,318.856363033613,305.8538851231369
112.50084,323.3899242127066,304.40049469137966
112.81265,323.24888043805544,324.1679415708822
113.12446,320.0789354202702,315.2544698110181
113.41683,319.0404910887463,313.9195150922541
113.72427,320.0860942011445,321.5172450379063
114.02021,319.9380758789504,313.63558520963846
114.31616,317.9034819249648,312.4289621656643
114.6121,316.35729053231563,321.7171382023914
114.90805,317.3247260741383,325.5601665366403
115.20399,318.1301678796337,322.29376221038405
115.52953,316.98905294446837,325.6140416265285
115.82548,314.9899897043808,324.92514056261837
116.12142,313.42124288816825,311.9409543900379
116.41737,312.84240808019973,308.55561428888916
116.71331,312.90141538431766,312.9801356548871
117.00926,313.091412587006,312.4358577560653
117.3052,313.2016367572316,300.29838165519647
117.62389,314.115828866302,313.15110418635453
117.92435,317.95104044349335,322.4640990847155
118.22482,323.9814974395837,326.54884154965976
118.51276,329.3700328712511,318.3212968013573
118.80746,332.2870255251303,334.9542767388779
119.11043,334.9650938673313,336.5373147977916
119.4134,336.63582699195456,324.5054833529127
119.71637,337.6137375146153,326.27583407168686
120.01933,338.95508776188103,332.39564423346866
120.3223,340.3073604137894,330.48319697815003
120.62178,340.3532081942414,327.229583708897
120.9036,337.43482063085366,331.80114959233777
121.21871,333.138499344409,331.30556193107975
121.51816,328.63136248883654,328.40046548659456
121.8176,324.29629956471945,322.2572576917348
122.10908,321.5094019618014,322.93747347002545
122.41543,319.36126763762644,322.8185640141803
122.70101,319.01959376516487,332.8322772287034
123.02371,320.31201690344074,325.4742085280546
123.30643,321.1374085468136,323.9422294209646
123.62856,321.2152076507264,332.384248085974
123.90654,319.9678953595773,321.4967161809875
124.20896,319.47970335061956,316.287913523549
124.51137,321.1383297134702,314.3380405829245
124.81379,323.9809973776844,307.35986101146307
125.11621,325.66412677360097,306.40905910755407
125.41862,326.3145757093593,303.3665509169495
125.73172,327.8862176207783,315.4753918943213
126.01848,331.8751850724821,331.37107003988865
126.31111,332.2843936203971,339.6844938396348
126.62982,330.1682895768249,326.0265663744073
126.91665,327.0473769442189,330.01182284043733
127.20348,324.0698504814766,343.00232558437745
127.52219,322.9552388269744,327.36952208356024
127.82153,324.57322858074474,348.91384680557525
128.10065,326.73510144762696,343.0996797404578
128.42367,326.3317883663143,334.10817200525486
128.72495,324.60012664711786,335.29579269705545
129.02622,322.86722793269684,329.6132471876444
129.32283,320.83568698820176,333.0408819978553
129.62109,318.78064313443934,334.2271077801473
129.91625,317.15757380453397,321.366989596689
130.22135,314.963038999913,329.25093918207466
130.50925,311.87423560505175,330.3498383653197
130.8093,308.7557706438476,319.41143174184083
131.11745,306.7312568849901,328.60001650346436
131.41302,305.489892698538,331.47937291965906
131.71429,303.7856817457086,325.3786967052875
132.00498,301.60985978374055,323.129076134601
132.31237,299.4798329641298,329.98918845973196
132.62258,297.5421720614673,326.64256367720833
132.92279,295.08860519300663,330.6935388044258
133.20906,291.99656455532363,336.6542240060395
133.51615,290.21134357480696,320.2063459284035
133.81205,291.1822795499247,320.3624705171758
134.12294,289.50996728246156,321.5114548474933
134.40273,287.3859675246898,332.0015691377695
134.72917,284.8831050805767,324.5276176717187
135.00275,281.66560154426287,322.15800856424653
135.31694,280.3120129399879,328.1453812798547
135.62403,280.98017459460056,330.6195559623761
135.91118,281.9882993835982,316.79408144183435
136.22184,282.0930228729315,319.0605988409078
136.50143,281.32479620036327,320.5283594725082
136.81209,281.58922366890596,311.9529032375265
137.12275,283.38431429217206,316.55847333011997
137.40235,285.0545210358487,331.7193763122778
137.71582,286.421532354263,314.7045596360673
138.02106,285.8212212036717,308.0598423942999
138.32212,284.46784315177536,301.2954261252674
138.60802,286.1580260523769,304.7745673111067
138.90223,291.1585924073261,309.3271571614212
139.22913,295.31737035241474,300.66450592262925
139.52333,296.7274396322638,307.34570136399856
139.81754,296.65953649014773,307.8654499107071
140.11175,297.8268651964555,298.75245345302056
140.42161,299.02759277382734,304.774593630154
140.70592,298.61367311643994,292.5534755968647
141.01581,298.0264951704673,295.1945130394698
141.32854,297.15236065143586,300.95275212900725
141.62119,295.86004278934934,293.15755037122443
141.91496,294.0636098946693,286.83661004973294
142.22729,291.65199558765556,295.3185547095447
142.52592,289.3090213560832,287.48569039503
142.8273,287.21555169321636,287.51077244713724
143.12868,286.6635096754316,285.6046417631782
143.42856,288.44175610840534,292.88820124083065
143.70195,290.08790724282073,284.9043182327261
144.02079,290.4011039060693,283.2839071266012
144.32844,289.5642897961544,284.16822711695005
144.60533,287.93737788533855,281.7006848343562
144.92529,286.4412716397618,284.13753910776114
145.22987,285.252045486074,288.49660500304486
145.50061,284.4791866611754,285.75068615682244
145.80518,284.43978704731967,285.3348978470745
146.10976,284.8357834334741,278.5331085308309
146.41434,284.9703264034343,282.04938589245535
146.71892,284.6394696594261,291.87905000898706
147.006,284.10435078907574,299.87535560743225
147.31912,283.30401487876276,294.48939944240334
147.62248,284.0872697273574,289.5426555392476
147.9028,284.67336859238947,290.4674805434401
148.2187,283.7622031737622,294.72084914463926
148.52007,282.7157315328021,300.1888680992488
148.82452,283.8363702491433,298.2083071494354
149.12896,286.0355108870473,295.1613247207844
149.41087,287.7508284778507,299.3430528751464
149.70675,290.0311896958207,289.2283797950585
150.02243,291.6992645966635,281.0431560748656
150.30981,290.49987929070556,284.98806544133595
150.60617,287.8353915769278,290.80857539686036
150.92558,287.50729833288943,284.50250533711136
151.20001,289.33284009391843,283.1662083469334
151.53051,292.2649135619187,293.4177404731467
151.82529,297.0073690196849,291.3860152953203
152.12007,301.7472452108126,293.27438062233034
152.41519,305.69418114392744,283.2904605693868
152.71996,310.5144093865591,286.8483483448429
153.00682,313.32675750824706,292.82108767013455
153.32804,312.8528304229431,286.05069697735775
153.61195,313.8361100312595,283.0881986906419
153.90156,318.8898145427717,280.5463840564777
154.2187,320.16162986698674,292.11642149687265
154.5315,316.8735649647764,295.0807884359491
154.8284,312.1972755920024,287.6738189453578
155.11097,308.67099699239185,293.17186793297293
155.4315,306.4590389784372,285.3069996569028
155.70739,304.4430262718679,285.46109767903056
156.01241,306.9748133489987,284.1260903221718
156.30973,313.9220680398452,296.4217438975048
156.62681,318.0121006333032,292.1392664299567
156.92018,318.62030749809395,289.67167150926815
157.21356,318.44099582862236,296.46369645895174
157.50693,317.87818932047895,290.1318074137702
157.8003,318.00596829527484,293.5693381857779
158.12627,319.95642025494067,289.54673499158406
158.40686,322.5446880076455,292.6322485055288
158.72292,325.10921597965705,299.4364854931743
159.02546,326.423931351023,295.11895105458024
159.32202,328.6842900930208,293.79986672135726
159.61857,331.6894252364142,300.81418234480526
159.92652,333.66035341490414,315.18640875461807
160.22009,334.5009574676348,311.0282361476181
160.53128,335.0505518140177,313.424559088132
160.81223,334.95738238646305,304.8542350673801
161.13193,335.730188573267,326.63456268681944
161.40068,338.47210692429496,321.7828568635789
161.70109,345.2623421787599,320.9917326198321
162.01272,351.631156847348,313.9635731774875
162.33188,352.3175049636669,317.48950962948277
162.62444,349.8819666426286,312.3768241329
162.91701,349.6013792790241,322.71865691050874
163.20957,353.6100070590848,311.9464813899776
163.50213,360.82232087561,313.8178182933639
163.8014,368.3656230313801,321.9588260140394
164.11931,372.9033426199521,315.2774463393388
164.43317,375.2997708366554,317.61970995663324
164.71217,378.93516820650365,325.33029597724425
165.00402,383.02814853326277,332.3343734912802
165.32718,386.4432817959911,336.7108889149449
165.60481,385.8366277549929,332.9991926268817
165.91329,381.63473921037473,330.14183893425644
166.23102,378.24231928549375,336.6772268534075
166.50248,377.5995555115563,339.40803856646147
166.80787,378.14601789130666,340.648876371967
167.11326,378.9624610585867,341.4376845395486
167.41866,379.71821250271967,347.110413044305
167.7219,379.6611001700096,348.8173085399622
168.02316,378.8916101831695,347.5956836390089
168.31255,378.08156254439103,336.1474507496655
168.61005,376.95165952338914,349.55958463186124
168.92422,375.5337208483879,352.3436134586201
169.21221,373.8401164716332,348.52390380030715
169.50019,372.4924496530079,355.17835908958733
169.82926,372.22225831309953,360.9917629023322
170.11847,372.36209141157343,362.28997623102106
170.42532,371.90066587375213,362.1171653662404
170.71754,372.74392815026334,360.0059303464246
171.02738,375.42723398288337,364.80489279881215
171.30624,378.0611916017562,367.059461350397
171.61609,379.86362523922793,372.45791906290856
171.92593,382.8194121688742,375.352329974177
172.20788,385.90050408286714,371.0755637398999
172.52507,385.79464887449865,382.2693440796393
172.81862,383.789953358282,383.4324354193267
173.10335,382.51045287224605,384.6043699589175
173.4198,382.25418430837624,380.03417266593806
173.70395,379.81517187309004,383.5844805557625
174.01164,378.56733320099426,381.65295199112836
174.32772,381.55607157789996,381.2176349482602
174.61505,386.1882765463932,377.29106995778017
174.90239,389.6705233798176,380.5792927742745
175.20035,387.4608814420282,381.09698843529117
175.52001,389.4715777010365,371.52793552543903
175.81192,394.09001780777515,371.6844548999213
176.11373,394.633979878029,375.22626173745766
176.40922,390.50567938975064,373.48662534691965
176.72966,385.81149306479097,378.6171551575934
177.00993,383.76595038711537,377.28735897210635
177.32575,383.2825221257247,377.7688396239945
177.60999,384.05901297915506,378.6942699662756
177.91185,385.26532019456124,379.338060183059
178.22253,385.67579205674815,378.33538343685905
178.51508,384.7947882663632,376.440833133726
178.82834,384.83932009444857,381.2889595665294
179.11085,382.9042910965193,380.77031641980875
179.42098,379.4329403486902,382.40199207819165
179.70861,376.3532170251584,385.0057880688223
180.02474,373.29152224904897,389.3280599359361
180.30916,371.43255529790855,386.46028390056745
180.61448,371.1685752531705,374.7892076374656
180.91868,371.35617742255164,385.22839457115475
181.22407,371.84615912672797,384.98586454999213
181.50794,372.35069526407875,377.86616746102754
181.82306,373.83308928599564,374.2684852860057
182.13188,376.0419679714124,381.4072110461912
182.42433,378.9824372155116,381.66884869571675
182.71028,382.2012303851446,385.18704734779647
183.01669,384.68464305327956,385.0888246631541
183.32253,386.45881003391685,382.1001389243431
183.62837,388.2211860813495,380.8600117331156
183.90403,388.4830342832537,390.0007747857372
184.22286,385.626601757285,387.2415385015649
184.51247,382.2306813991089,386.3462961065734
184.80473,379.2617875838914,378.60983846243516
185.12235,380.3090224772241,385.4949538825313
185.40599,382.8647862064742,380.7464713629262
185.70033,384.198846077629,384.6236355015644
186.02411,384.58013011632494,386.04981203838054
186.31845,384.7694167047353,385.72466652764336
186.61275,385.4262085309006,386.7256851738614
186.91954,384.860454289456,385.2951396751882
187.20245,382.7088984891279,379.66557440805605
187.52351,379.9702173809217,376.9359207330847
187.82262,380.2172479591781,376.7736374872368
188.12879,381.39063004637217,372.967666371631
188.40642,381.9571212211421,376.95437038526427
188.70227,380.74905062956464,368.60273132879234
189.02578,377.33502276682424,370.18111091632835
189.3232,373.4297235665883,367.8465587799021
189.62061,371.12799128218484,374.7041444764892
189.91803,369.7518209352992,379.0115724009079
190.21544,368.199602480811,378.0786148110899
190.51286,366.9952691939547,385.1733088050893
190.81027,366.65109501199663,382.2693440796393
191.10769,367.3949502467356,386.6925231742233
191.40511,368.7958868171605,388.258822319034
191.70252,371.8779525359048,389.48981680083745
192.00142,374.5035406977261,381.18499932956877
192.31594,376.5470568087572,378.3613340175282
192.62519,380.3964280334131,377.55012834066713
192.9168,384.3103598811739,376.71384061169886
193.21172,387.9582324794574,380.8109003907944
193.50883,391.8067351755513,386.4146466724941
193.82925,396.92205257686726,381.41365921278754
194.12126,401.46637824631955,381.9344605213894
194.42319,404.51944037490415,383.7195762257167
194.70527,406.98277160992495,383.9319972567318
195.00554,409.4130198024496,384.03945792698755
195.32168,411.6437169781045,382.68818539887775
195.61538,414.2788589541073,382.25628983216274
195.92203,417.3002066306571,381.19257921520034
196.21197,420.05410014822104,381.71367003332284
196.51894,421.1079674414814,381.75167473767
196.80746,422.3018520665469,378.5416458107984
197.11834,425.8647667800434,376.250783292943
197.42853,429.54137977801327,374.7467286950721
197.72608,431.29341243984453,377.753811447968
198.0162,431.73486182074095,379.0863448143776
198.30037,431.170344574521,377.79302682849243
198.62352,431.28077929712526,372.899763229515
198.91435,432.5324868691788,368.395837297717
199.20776,434.7737906209084,372.38206756849826
199.51991,436.3159815183631,374.3347303281399
199.80054,433.36874827909975,378.66147643330015
200.1274,428.7310952678088,379.8013280541935
200.41795,425.0676154744575,380.8050312432394
200.70849,425.0595881650213,384.65974523450365
201.00181,424.8958310525228,385.72782481332314
201.32307,423.8003533454309,390.37561065783683
201.61221,422.17765248218814,392.50284765843037
201.91754,421.2558278493915,392.716426727528
202.20093,421.77570799133673,395.9398257304441
202.5158,422.1052487829783,396.8185397637112
202.81642,421.40574114299346,394.83905789483845
203.12282,420.59624620420897,398.92216857884813
203.42012,420.2419128699808,399.95463848662774
203.72121,420.54510829524327,397.8172160147168
204.01466,421.35805102922825,402.4136007597914
204.32842,422.33967253756276,401.9685456694105
204.62273,423.93571220585835,402.207022557284
204.9022,426.8991316592309,396.55348063803257
205.22114,430.4414122396192,405.2918780950455
205.51108,433.318557855838,406.5508497241626
205.82421,435.1196229028484,406.00865103008
206.12082,438.10404495599164,403.98203174743594
206.42884,440.4908404013715,404.42735002829016
206.70814,443.2825807089986,401.08751555997816
207.00267,450.28313147069207,396.7911679544861
207.32665,455.85768992890075,408.3653901234069
207.62413,457.9898485913453,405.4761640644628
207.92153,460.3199791278198,405.27358635714984
208.21227,461.56008,403.8102210064539
208.51532,461.358528735533,402.33698601300847
208.81136,460.20449114812783,404.22206145910206
209.12747,458.6961465455418,403.15795605642967
209.40814,456.6868451960421,402.42531273585405
209.70928,454.27641524615825,401.5948151972988
210.0038,452.4417934137998,401.8685859276443
210.31267,450.97016388224165,401.1940550635773
210.60302,449.2170784585171,402.6254427717651
210.91484,447.0371770442126,401.77960122861543
211.21469,444.1445558281627,403.5348974523158
211.51454,440.747477431904,402.9455876635093
211.81439,438.05909202314893,403.6647293128037
212.12924,437.3937201875534,404.0341960992476
212.42609,438.08649015142134,404.82587304298846
212.72294,439.92542830754223,405.44244936483074
213.00111,441.11968139927046,406.09458271961836
213.32283,440.89546943505076,407.64443245984666
213.60806,441.4572495003482,404.6409027783405
213.91044,444.4038510824757,407.42909001457775
214.22333,442.1020924790249,410.5010229000993
214.50549,438.536045798896,410.4558067767833
214.81246,437.59332384251786,412.11311718726733
215.11942,437.689309408137,414.71409703983346
215.41297,438.1934244407305,413.4359914633061
215.70651,438.1716585885871,410.679229169583
216.00006,436.7441924184517,413.1276375047666
216.32296,433.9641904059346,414.99465808439055
216.62237,430.5039199770322,413.9114187343079
216.90651,428.0463262943298,409.37054086005605
217.22608,428.0629599322435,413.6610719560877
217.50207,429.0579778356699,412.3305388372754
217.82164,430.45817747276953,410.80650808247964
218.12806,432.3659399376631,411.0033219184269
218.41473,432.73035346701937,412.41207524590936
218.70141,430.49931414374913,409.79240886973764
219.02517,428.08904210814933,406.0128357586057
219.30946,427.5586343472713,402.63065394313685
219.61654,429.3809388654785,401.1322053023476
219.92644,432.81373220896654,399.4296524495001
220.2034,435.49843295109514,405.60810144873716
220.52587,436.2960843185803,408.8626095655995
220.82511,436.3170342802564,409.6231247572994
221.10037,434.83382436787224,408.8925343224157
221.40621,434.67175167440297,409.1883077763306
221.71205,436.31340225172465,409.6280201001032
222.00956,435.63008082584884,406.89149715377823
222.33323,433.3968570216501,407.8237178102709
222.62114,429.966511349564,408.24166428190006
222.9249,426.89457846404247,408.2858276433229
223.20946,425.22037122517133,406.1894628852495
223.52062,423.9466609295484,406.13264006206015
223.80279,421.67108977819277,408.0384285984038
224.11631,419.4144683409161,407.2650697116059
224.42983,418.13823141674925,406.43473008733463
224.71199,417.89083237183024,404.1203120221173
225.02551,417.5831627085214,405.51832717828836
225.30768,416.05876348706295,403.59232561359386
225.61988,413.9057601391316,405.2838507856093
225.90137,411.9672307079071,407.614402426841
226.22669,410.4964433858636,408.00352954164185
226.50213,409.78772407931257,407.05783353291525
226.82164,410.4527800863401,404.9590474224874
227.12766,414.451038161752,403.6494642653512
227.42762,424.1823216793574,405.57596589194503
227.72757,434.14302833255425,407.3180236348375
228.02753,443.8599416503165,406.87623210632574
228.31866,451.1162345949332,403.05162710520915
228.61874,454.3198943123504,410.2558609742035
228.92256,453.1140871588435,409.90397531137717
229.21954,446.7097680954049,408.61676334447304
229.50751,439.93524531219697,399.0285501681633
229.81079,433.9244749635109,408.93482903147793
230.11408,429.2860586998474,405.8024939323299
230.41736,426.9279773351065,407.2888621303939
230.72065,426.20115052399126,405.21755310538043
231.01719,426.2516041377263,404.13586657909036
231.32731,426.57256491993775,403.50065637173714
231.61514,427.08354922388486,402.54543286787646
231.90401,428.053248203778,401.9175393556814
232.20443,428.6680874684965,400.67556983114065
232.52218,429.16791249637487,399.8948416110899
232.82359,429.1805982771888,398.5775206540381
233.10127,428.0913581843145,398.9400918500811
233.42017,425.83965840888885,396.1488779234007
233.70854,421.98102287957215,398.5555968876107
234.00285,421.506121989517,397.9619181369471
234.32985,420.60803713741365,397.8454826715511
234.62416,417.21503819349135,395.80559858905184
234.91106,414.00248263807595,395.74095900880496
235.20104,411.3768681572073,402.8721575214535
235.52769,410.264388345539,408.7298299718105
235.80915,410.2592034932146,409.2367611424685
236.12083,411.0070329041007,411.1520771739463
236.42715,410.7119174263691,413.4269377110239
236.70562,406.69852589874137,414.44087900948193
237.01194,403.3412682210957,412.7081645283922
237.31547,402.2861902516581,407.3261035823684
237.6186,401.1935286826307,401.9777310169293
237.922,400.20306397439265,398.9038505219052
238.21343,397.57768636494995,403.51450019063367
238.51017,393.45807116229105,402.9963834248597
238.8121,390.0200140093367,404.02716891361
239.12947,387.7961861050354,403.8004303208465
239.43265,386.1475083420762,399.7189777368187
239.71626,384.8060001805265,401.64337383962595
240.01316,384.1583673828327,403.3788255016382
240.31602,384.34883832837295,405.3333569136404
240.61887,384.25435294845175,401.85582118968836
240.92172,383.55171334183444,397.27285915875296
241.20399,382.6690777705149,399.91289647755946
241.51802,382.136538166803,402.49926925885643
241.82682,381.96735933055413,398.0421385932144
242.12332,381.94106660226964,397.0731765466465
242.41612,381.65784733393207,400.1072889611522
242.72466,381.03240149313893,398.5210926165587
243.0021,380.4171411236632,395.0120266739031
243.30252,379.7476371976366,397.6304034167556
243.61371,378.9501174253881,397.24996158757426
243.91663,377.345708300041,391.9999433020141
244.21263,374.61189621559123,389.6560479037851
244.51652,371.5257510445105,393.2205680791688
244.82031,369.5505328613055,390.99484520345965
245.12298,370.1417902596146,393.1868533795368
245.42832,370.32797120043983,393.1199503612193
245.72592,368.56883239582896,388.2987746328837
246.02352,366.43604207624844,389.1023477860185
246.3215,366.6262498313154,374.4957502597159
246.62235,369.21217518880775,374.0023997174812
246.92319,369.45080999096524,386.7505303545426
247.20215,366.30128855390956,383.19803798378956
247.52706,365.82304514484326,377.1392090546756
247.8249,368.36330695521485,381.67084894331396
248.11697,369.478708181137,383.71412818291907
248.42583,370.4808059082956,385.4401576259865
248.72649,371.25063804275106,373.7955056864058
249.00991,371.0541137163245,386.43599141988017
249.32036,372.5452719810028,384.95451856461995
249.61167,374.5361499973703,380.0453319420067
249.91204,376.73852787809614,382.7525091505567
250.20968,377.718991348348,385.76398718435706
250.51004,375.5079808200974,383.23051568819704
250.81041,372.2209949988276,385.77198817474596
251.11077,369.569929999189,381.65418898635295
251.42015,367.7868408615062,368.92798211571886
251.71751,366.68873124968115,377.14189359750344
252.01488,364.7013273475615,374.8122104848336
252.31224,362.17646217987897,372.5205057574636
252.6096,361.105171677285,371.92187902590155
252.90458,360.5388647358464,375.5587239433531
253.21431,358.755012345791,375.20770680908873
253.50634,355.8225177730334,371.75464779915524
253.83082,354.27801079941344,373.763554362945
254.12285,353.8453256612785,366.7169189493735
254.41488,354.0920667300142,366.87549120954765
254.70691,354.5043282874197,375.87228907326426
255.03139,356.2057757402792,375.50829664866535
255.30209,359.17374838884007,372.8931571486347
255.6199,361.50353677769925,376.06489186163844
255.90592,361.461163111495,367.5565491973529
256.20589,361.44710874021985,369.9174993382529
256.51624,363.0712571510658,378.39649626476347
256.82659,365.7536154979819,377.28683259115974
257.10872,367.42232205596065,373.96500035122267
257.40496,367.19145137276604,375.69224047046737
257.71531,365.06903075783424,381.8914551980492
258.02565,361.300537965629,378.5413563012778
258.3183,356.8489869380213,376.05586442840365
258.61257,353.13879083565604,372.1812269183092
258.90683,350.3033082713635,373.01746200918285
259.2011,347.73822759935797,375.39796720225036
259.52277,346.77084469563,375.9245323822179
259.80489,347.63792570997646,372.49997690054477
260.1208,348.82123007801465,360.79737041873943
260.42933,348.1797559373964,372.0629754386474
260.70159,346.59584934992074,372.57761809017364
261.0119,345.8106468918235,362.4648926195883
261.32722,345.97995732330907,360.7674193428759
261.62805,346.5453167790437,365.08611181955257
261.92716,346.43227647075355,368.2296061947693
262.21943,345.9649817853773,369.99745660404693
262.51818,344.9217210681917,371.9572255064682
262.82021,343.47783181252123,368.4737153587718
263.10901,342.923210528098,370.06514919378435
263.4237,343.5367338404498,367.7723390664264
263.71956,344.9804915008836,372.6465213560883
264.00951,347.0744349066024,370.93999432709376
264.30241,347.61197512930727,367.02169351747585
264.62786,346.3930874092765,369.0383378811811
264.92077,344.4445041019713,375.19067838546505
265.21367,344.1976314379989,375.46339635391723
265.50657,345.6304930128373,366.5103407468661
265.82611,346.51589208412673,370.8261381283363
266.12241,346.1498204547886,366.1604026935424
266.40199,344.15562623845733,368.8718435877601
266.71584,341.31387974089984,360.27883254820813
267.00896,339.40703844266284,353.2307495870334
267.32802,341.07974549583605,357.18566019148983
267.62932,345.4075706819369,363.0364370514459
267.91892,345.9466110903397,355.6484435939808
268.20851,344.1547050718007,348.3859919922885
268.53029,342.6073293220216,338.73403408334116
268.81989,341.80357193555545,338.41275747256174
269.10948,341.426051520628,358.104826600506
269.40029,341.49305981513476,364.00571492658173
269.72012,341.65055299436835,355.47897524821127
270.0133,342.0963186990272,350.9039089314754
270.3118,342.24138928792013,351.0605599011943
270.60498,340.9463605639584,344.68034908511163
270.92747,339.0335185229298,354.46979769732036
271.22065,336.380374318552,358.3008508650333
271.5021,334.7554363362861,348.1269599284488
271.82459,336.90862391754877,349.04449455653037
272.11657,343.07136044552874,357.637637191319
272.41853,348.7307978313825,352.5118974472597
272.7103,350.01119316502775,342.0930024990634
273.01597,349.31437006787075,344.0851964677974
273.32163,344.60020758598625,355.8329137967295
273.6273,338.62681028451135,356.14500505999007
273.9024,334.46532147754755,338.05087057174933
274.20532,332.2834987727878,344.5838371385459
274.52236,331.5113768812145,342.1727492124788
274.80488,331.6621060652838,342.0561558327989
275.11565,331.54748661415374,341.5625684191381
275.40203,330.54831030124893,347.5681802345471
275.7183,330.00382185004844,345.37377702516284
276.00155,327.99799461479654,343.3796880850209
276.32622,323.8657725884657,338.1406448421981
276.61141,320.22929613767684,343.75573463329783
276.93225,318.7619829298811,348.0438706960223
277.21744,316.9952642396387,347.4115029457809
277.53014,313.9663366774573,337.0715388205327
277.81434,313.0131923783359,332.7314226393279
278.11152,313.22756101885346,345.09753230436814
278.40377,313.7363345228247,350.90269825529816
278.72851,313.2475634948256,343.51431001212313
279.02076,312.1028428501759,338.81449141103445
279.30886,312.21783076796856,345.6947904454689
279.60896,310.5544669765982,336.433354560831
279.92038,307.8523430251359,343.8745914510483
280.20065,306.2388011903646,340.66740498128854
280.51207,305.65775558242024,353.3731356330985
280.8046,306.1196285440462,343.67103993898405
281.10412,306.85756199313545,337.970334286914
281.42477,307.41899991081766,338.1670954847666
281.71559,307.58325708521545,330.93225256372534
282.00231,306.4544594642015,334.22060697545635
282.30944,304.6167583033052,327.90261438726606
282.62458,303.19268729027556,322.621750178233
282.91163,301.5194275371084,331.2212883415233
283.2216,299.23635545726324,331.6620534271891
283.51179,296.76778673182343,327.05356192034185
283.81461,295.13871665912643,331.0662691527389
284.11889,293.69951219388105,325.2048067595662
284.41764,293.0455628248276,315.2419419444882
284.72193,294.0822964182749,314.5003764668671
285.00187,295.1430066638415,311.7747232870902
285.30311,295.1123976117946,312.30194644324104
285.60435,294.4075472052014,308.5948559884609
285.90559,293.7946555499855,316.44477504564657
286.225,293.4847750867008,322.97171455060413
286.52144,293.5292542766916,310.585786642923
286.80164,294.22465614529267,308.1317723506577
287.1261,295.13840083055845,315.6320428640403
287.41457,296.021747016156,306.9894730583625
287.72553,296.384160297915,305.6916545153836
288.01839,295.8099576422769,306.4845684543491
288.32169,294.15167342704154,303.8481105259796
288.61236,292.23927880981756,296.95138840601015
288.90901,291.2948987534576,306.34952542248953
289.20412,292.62011542470884,317.78857296431414
289.52905,295.81651108506253,310.9838359147693
289.82417,299.1577931009778,303.33330996016946
290.1216,301.4358119237353,311.53579897541204
290.41526,301.8462574668749,302.88925499358714
290.70892,302.3860348086029,298.8625197089622
291.02661,306.4778307782321,290.29527501674806
291.30838,312.249439943814,285.8973358885553
291.62031,316.0924419590156,288.5616130499544
291.90104,315.9342381655041,295.45504528900744
292.21297,313.8466113311449,292.6199048723302
292.50857,312.6123796065197,293.21961068483284
292.81842,312.39316826129306,304.22310431236326
293.10565,312.7781106475681,306.91712199724736
293.4015,313.41455785014597,298.1587220642623
293.71746,313.52965104412795,290.73169745960416
294.00182,312.74613300505996,286.34112766466427
294.31146,312.31771155259275,287.053478999747
294.6304,312.5975619828719,286.0487493678552
294.92174,312.2523087199732,285.1387156682632
295.22534,311.8779202716782,298.54550678385056
295.52096,312.87459627508656,298.4743400798653
295.82646,313.75459994167295,288.79379968551564
296.10419,314.5103250667585,291.19435999265005
296.40986,313.13025950086774,287.44789624306156
296.71113,311.74208766839877,288.8811789226573
297.00701,311.9749585991906,301.8593380333988
297.3029,313.46403765912976,297.8449727010198
297.62837,314.45300218166983,296.4518265686051
297.91479,315.060603708372,304.4843471761788
298.22855,314.35183176372635,299.6289566863118
298.50869,312.0318077414273,294.1914678266072
298.81521,309.24030430522623,293.849899230335
299.11956,307.591468627983,314.8816341865157
299.40511,308.3640116243136,304.30819379238704
299.71924,310.99073150517023,313.8424529216665
300.00889,313.57555146267464,317.97027966709294
300.31891,314.513535990533,306.6648276095246
300.63253,314.1529913611345,306.7684983369646
300.90048,312.59371940196144,315.37919577632357
301.22174,310.3823404070481,305.9645303981198
301.52248,307.6481598559357,311.88968488583555
301.83225,304.94911523301124,303.4880922775278
302.12998,303.3064908509383,301.6806843401104
302.42772,303.45932555879415,313.64563908571927
302.72545,305.8789671752441,303.4227947210976
303.02319,304.7970964156227,304.49190074276305
303.32092,300.5507813191085,309.53034020682276
303.61866,295.55226784985115,317.376574597382
303.91639,290.295906673884,319.8780421319865
304.21413,285.3889045321994,308.89297183758833
304.51186,281.48244729388085,312.2577304437236
304.8096,277.8837913141078,310.0924887387829
305.10108,273.89527128620864,317.6957193653275
305.41654,269.77078705979335,308.84309724289454
305.70571,265.77252898438144,305.2562585153735
306.00259,261.4813662312138,307.7775706116662
306.3025,257.3516181953322,321.0646626999885
306.6101,254.26015657669046,309.9382064833238
306.92308,251.41872590770092,303.33615241728126
307.21884,248.50139110620646,303.7617840507313
307.50427,246.04713994251517,315.82696172857965
307.82143,243.73601175821426,324.9708041097391
308.10686,241.3633496412516,315.95102971770183
308.41178,239.20891190524063,305.7679797526459
308.7158,236.6353038618996,312.00011960843983
309.01982,232.6391907888452,306.81237218886673
309.32384,227.79495957504693,302.8258260895175
309.60022,223.11819645942094,298.96432178404166
309.90423,219.3420711434895,294.558460622602
310.20825,217.34281051054688,304.695110107212
310.52332,216.1493996283333,313.64885000949374
310.82734,214.0996459030846,305.47078507017505
311.10096,211.2460031961331,296.87287868781937
311.41313,208.43472099586216,306.95194209686736
311.70914,206.12417183060256,293.5432296908248
312.00515,204.1562177044611,281.7387684958453
312.30116,202.114004386273,283.45450719140604
312.60901,199.93010247677407,282.9477076159847
312.90205,197.52500213397494,273.00055527216375
313.22766,194.66233199378863,270.358043962908
313.51348,191.48053024518046,265.2508328281703
313.8145,188.55431276521148,259.78476148306333
314.11015,186.05306894250927,265.55947629623046
314.40579,184.06307261422745,266.43858511520756
314.72804,182.46319036502138,249.05240668114521
315.02398,180.99999608813306,252.0616739149697
315.31017,180.0574583650863,250.49495366540174
315.63212,179.75207845889528,244.09689853522804
315.92471,179.7968076798357,240.82425659475413
316.20891,179.7218905116057,234.74234586113016
316.52468,179.36042471555064,234.2563120140536
316.80888,178.77972125522157,237.9344251977214
317.12465,178.14291874550477,227.0959519969614
317.40885,177.6174063274305,226.32372482919874
317.72462,177.1704167870707,217.62162133845644
318.03093,176.74539049170932,227.3745654320159
318.30881,176.34764388890733,215.83897962457826
318.62328,175.91168202937956,209.63415893991473
318.92952,175.47790465078035,217.16714402913072
319.21849,174.97502661341144,215.53457352313856
319.51981,174.3916517697782,205.27551414938833
319.82715,173.63878226132812,198.17155585072817
320.12546,172.886544410014,206.13009361625222
320.42377,172.08548472589936,198.62992837905898
320.72207,171.2114160044863,193.59484459353408
321.02038,170.34129514017297,189.3638340230433
321.30778,169.35397555809112,186.91160942599657
321.6069,168.34782469764338,190.90166911816462
321.90896,167.4316455004994,192.57158635232065
322.21319,166.46782882768485,184.59941532027872
322.51698,165.6549650508419,177.74858045933226
322.81535,165.03862560042558,177.29118173575273
323.11671,164.51683732754876,174.64711760270444
323.41209,164.0874289108066,179.30761554707934
323.71872,163.63241206101063,174.97210519915762
324.01149,162.77550335845788,178.7406901080285
324.31915,161.74405989352425,177.11710755670015
324.60377,160.88955938380238,181.08246682294728
324.90281,160.29827566644593,180.98225705023142
325.20667,160.02962399080647,180.3201882550761
325.50937,159.97335386761108,176.40215063593152
325.82707,160.06229908806893,174.6844906499156
326.10644,160.29090633319302,179.4707146833946
326.42299,160.63243545089426,175.39156501600834
326.73019,160.97625432571337,171.45209053281204
327.00995,161.21367845169362,175.43567573933646
327.31814,161.40950532336595,169.34607984389157
327.62407,161.52400633878298,170.11976771878113
327.92312,161.4186643518374,168.5396773931686
328.21761,161.03864362741342,168.492316267495
328.52777,160.5064461713169,171.21228453304823
328.80347,159.9391785846507,164.85993242856625
329.11362,159.37722744554557,166.51658486286703
329.42378,158.9067218363948,171.96812809384681
329.71614,158.5087910002615,167.69370425478223
330.00778,158.04311493629612,166.32008685548772
330.30666,157.47063617825827,166.59584467390675
330.61451,156.87043030385632,164.6299171144099
330.9104,156.2871344173651,164.09911456782194
331.20372,155.64097548632182,161.39926721395386
331.51662,154.74243005089016,163.70623698877634
331.81815,153.8978386624887,167.5377375802939
332.13106,153.44075576747719,165.64327939382656
332.41267,153.13148064228108,165.5472017115418
332.72557,152.97706679158534,158.9311195932714
333.00719,153.1686431371136,161.97499637433722
333.32009,153.42016111294004,161.9689429934509
333.60171,153.51733103568907,158.85039907510475
333.91461,153.43257054375698,163.22146645597175
334.20619,153.25036377907887,166.8364797236615
334.50813,153.03544243856732,164.9516543085176
334.81541,152.7827137865636,161.35068225257936
335.12269,152.48970383261855,161.50707003182498
335.40436,152.22230231172736,160.57595477532018
335.71164,152.00678879265084,158.70248602909996
336.02148,151.77724722134647,157.7231542778833
336.31723,151.54586331672886,156.70987095560864
336.62707,151.26294671743557,156.97860158839006
336.93381,150.9043233784923,156.17452837335594
337.20967,150.71212853535178,157.74136705863694
337.51618,151.02145629864253,161.67774905377175
337.80634,151.50335805528798,156.9246343818362
338.12191,151.84826917057134,159.4110211023196
338.421,151.87714116549435,156.86703514675054
338.70686,151.61263473980966,162.30519514216212
339.01833,151.13912875926306,157.3446863772519
339.33485,150.38252194609186,155.80478523691502
339.6214,149.3808058451195,153.80636681348702
339.92555,148.41864727228685,154.47717353235652
340.20069,147.58836028611023,154.19421745449225
340.50093,146.88311509380705,154.0013646351684
340.81134,146.3679460613342,156.7732998596783
341.12551,146.2768558385188,156.7868804881015
341.42466,147.05004365150907,158.3760245659962
341.70187,148.14174457530888,155.2684162118164
342.01159,148.90281246700283,153.5738248707868
342.30273,149.39417592116405,152.15009600537255
342.60646,149.64764150649304,151.10204522157255
342.92152,149.67202610384598,156.5162417243885
343.201,149.51298010081985,155.83746033417745
343.50842,149.27696404387183,150.2011047528337
343.80189,149.01261553247113,154.09652115079655
344.10358,148.77123038986744,156.9537695672325
344.42622,148.45825743852123,152.13791028645792
344.71185,147.80503184326938,154.51533615098765
345.02292,146.7493222166958,149.13551232398703
345.30289,145.63513166695097,151.1852002516174
345.61397,144.66949897987053,152.14506906733217
345.92504,143.88550719795055,151.78149774749053
346.2201,143.56144076815397,154.14018445032002
346.50194,143.90823369532157,153.5225685261081
346.80888,144.56781534050407,157.78779385813024
347.11583,145.1467159460909,150.1397287344559
347.40436,145.65855561907625,153.70344617889597
347.71353,145.79167736048055,151.46805105329236
348.00371,145.29778727777548,149.2472629989579
348.32871,144.19342689220906,149.08326901503338
348.61599,142.90362249914273,145.49075853281232
348.90327,141.66431119838245,145.2687178899975
349.22247,140.42610529761012,149.17896507113184
349.50975,139.1778586802807,150.77468891085948
349.82895,137.9793550624084,147.70419041341754
350.12135,137.12981569310858,150.58007271536442
350.41237,136.7251866594293,148.64076687224366
350.71437,136.61630476061762,148.61459257967218
351.01312,136.5884855275879,150.995992620349
351.31658,136.57654983962294,151.82421356131007
351.60902,136.55121775656607,146.820804749249
351.90147,136.57269409918882,148.71235468098618
352.21448,136.70263123586597,149.8552329923227
352.50334,136.99537799933768,150.37103368193152
352.8243,137.48897857252211,149.34867028832736
353.12232,138.16761520797283,146.38406647782494
353.42205,138.77322964660146,143.91207627623203
353.71371,139.27037013165202,141.9315679645133
354.01065,139.79510613782998,144.91659535574522
354.30896,140.34730606989868,143.6527547028717
354.60842,141.02163954111066,142.73722032238734
354.91775,141.8630200057376,143.93202611410953
355.22387,142.58796500496865,146.32049281899495
355.52833,143.08152609958208,146.47112988639856
355.83139,143.38480048198653,145.73185416589536
356.10284,143.51993563051172,143.63801603636588
356.40445,143.38670861291808,145.75727836561788
356.70606,143.111621930206,141.45195596498573
357.01371,142.95554997952837,140.56920195795317
357.3123,143.09559363038093,140.9654220560099
357.6109,143.55067627779528,140.66633240213122
357.90949,144.16167296160324,141.21671631993402
358.22659,144.73104607205596,142.27139950366166
358.51433,145.16519191731783,140.54589644154086
358.82316,145.4124462074765,138.53770049202907
359.11839,145.46251819502527,137.4153378780877
359.40673,145.28649640647012,139.4973982339362
359.72711,144.9847222097636,140.50420707056728
360.01546,144.74566630284878,138.97721542294664
360.3038,144.58297511176718,142.56777829566516
360.63379,144.32277185032126,140.45299020445955
360.9285,143.91236578575266,139.4176120419498
361.21198,143.4309377719592,141.55754798288098
361.52695,142.9805925530646,137.55715806463516
361.81043,142.7054795513052,137.38555787603178
362.1254,142.71191455837783,139.81885907804693
362.40887,143.01333344794537,141.67985259583187
362.70386,143.39815739850744,146.14923477800687
363.01933,143.73733096147245,142.3403159291
363.31676,144.03977629388595,142.49984883450176
363.6235,144.35343354046282,144.10702145981872
363.926,144.66234019899625,144.989551754949
364.22425,144.88643372750295,142.10102315075918
364.52249,144.95181024107518,142.43599882567477
364.81478,144.88219636088255,146.61812176574674
365.11242,144.71884719361765,146.3629322828175
365.40246,144.51533516012444,144.01720771079894
365.72149,144.3029141291094,144.35242025714052
366.01644,144.0748464244556,141.32654570444967
366.31679,143.80889245116765,145.15112438651897
366.63123,143.56655982286003,144.75391732418728
366.93055,143.63022559835568,144.7252032435483
367.22988,144.1738455209942,145.2577954853548
367.5292,144.84520493985767,141.57715567314315
367.80777,145.25667692584318,143.13666450374222
368.12151,145.24396482598192,147.85981494029053
368.4,144.914595108148,144.7388233505425
368.70634,144.67526285123617,148.79643087768764
369.0099,144.7488640670996,146.0459719958005
369.32849,144.87272150384308,142.73564117954746
369.63177,144.66056366330136,145.63844786691476
369.90567,144.0469745533312,146.97244194045123
370.20068,143.2342160526776,141.15341901110102
370.50347,142.4075874140801,142.7450765580159
370.81719,141.76103369732687,141.81055298488167
371.1309,141.37102489444044,142.24764656344468
371.41325,141.4926452121607,142.93032317266085
371.72697,141.81538253006704,142.05660975838674
372.00931,141.65620493180424,145.8555010502602
372.32303,140.98010808442106,142.5620144242995
372.61769,140.03733348994828,144.217693053849
372.90708,139.21187604895707,142.15617471444298
373.22541,139.10295467157437,146.05594691473925
373.51914,139.24744624142602,143.8711764766784
373.81288,139.3346412452363,142.60109820958724
374.10661,139.6937514865552,141.42316292720474
374.40035,140.37650705291333,145.8297610219697
374.72346,140.4009442883609,142.90208283487382
375.00838,139.84583610156204,143.50101223548015
375.32811,138.92756454015517,143.68696946440303
375.61741,137.92745390107007,145.02152939745713
375.90671,137.28613767473587,142.85420848777724
376.21473,136.9096437026543,141.04016815043224
376.51108,136.70394718823255,139.714240864903
376.81376,136.54465115425677,142.0188814040366
377.11953,136.19616064853628,141.27488141453733
377.42529,135.6504746806822,140.4022997192985
377.71983,135.0992748724121,140.68457150193217
378.02211,134.64695572496763,140.03199072333993
378.30397,134.3033737215745,140.91481052799082
378.61315,134.05755381949538,141.56110105427075
378.90467,133.88400602138944,138.82692050315833
379.22857,133.8121155436026,138.3533882035644
379.52009,133.8304204410219,142.29429707484033
379.8116,133.88666424516995,139.00153422268124
380.10312,133.9180233900658,140.34500315325715
380.42702,133.94248694456073,139.86320667280103
380.70942,134.0264841841202,138.3943801197837
381.02268,134.14410400664605,135.7065605705463
381.31075,134.2078882178547,134.41474277035906
381.62464,134.1725680563354,136.12087501364363
381.92059,134.01237717475036,140.91742927320036
382.21368,133.76836012741347,137.4371826873731
382.51732,133.52060577535548,141.4355328794507
382.81456,133.32269969894392,137.17524236880328
383.11181,133.26258699483807,137.1197749765515
383.415,133.46812559497585,136.391066353552
383.70928,133.7855991034158,137.03105346799595
384.00355,133.99866495109046,140.88959688064696
384.3206,134.0269447674485,137.88623827294845
384.60309,133.83889517426272,137.3944537140299
384.92037,133.4662174640443,132.59020113312866
385.20183,132.9131226843663,132.73492957440627
385.50017,132.2668189985627,134.34964260678382
385.80358,131.78403555383164,134.991708925967
386.10556,131.53308343752283,132.14109290945865
386.42058,131.2267955241989,133.96676626572432
386.71128,130.77080486965164,134.04884221482857
387.02699,130.4406982184924,133.03079514498683
387.32186,130.29394979033205,135.08793136301207
387.61672,130.11132192089664,135.80417791709996
387.91235,129.72333968465475,135.42581529265786
388.21743,129.16594174073802,133.62386855756182
388.51226,128.59591723386384,134.479224436322
388.81382,128.19959185961778,133.33005587267317
389.11319,128.0996979154699,133.43650325960667
389.41202,128.37704145649067,132.32665535267157
389.71683,129.01910119591201,133.5599659106402
390.01267,129.82974759301726,134.68498674836206
390.31214,130.63185345926334,134.30070233827033
390.61343,131.4024488460914,134.35320883769728
390.92906,132.0264471392813,132.97201155277122
391.22371,132.32877403598178,131.2516933429748
391.50776,132.35148737382914,131.83680524373193
391.80012,132.27864941033835,132.98153904790533
392.11348,132.14214567135193,134.70634465527183
392.40113,132.02368363931146,136.43862487208057
392.71048,131.95506988291743,135.70150731345856
393.00945,131.93192228078908,135.45325289950128
393.32727,131.8622162839308,131.73833252813995
393.60135,131.65492746714546,129.78257728043684
393.92408,131.42799148152693,135.19494460946322
394.22496,131.26394485950775,130.99356928626807
394.50351,131.0268234025718,129.9333064645061
394.81384,130.6645943541441,133.65767537385955
395.12925,130.19550997354926,131.71843532835712
395.41456,129.61883990722382,131.1758944866592
395.72659,128.97102287619865,130.46249038968315
396.02141,128.52971167030069,131.0207305431145
396.32158,128.52311874894406,130.80924383827974
396.60166,128.62315086809042,130.3530228920683
396.92596,128.51201211097003,130.44410653512188
397.21783,128.19786138225572,130.87501513756192
397.5097,127.75808326086485,128.77808451997097
397.80157,127.52490966102866,127.59693831381401
398.11985,127.81813016735236,129.25540676238066
398.41038,128.34726803419656,129.69732330636725
398.71675,128.7780910997328,129.45795815064628
399.00728,129.18572050480788,131.55944196342566
399.31814,129.96808708555508,132.80462241174092
399.60896,131.15382596547147,131.58226057746234
399.92535,131.53230702562655,128.9062451209532
400.20658,131.17101230337914,127.51979060632263
400.52296,130.8341153380083,130.91450686808332
400.81953,130.50370601780475,131.83181778426254
401.10349,130.20443871035658,131.62980593646725
401.41327,129.98631302583237,128.4159212691616
401.71788,129.85834981770512,129.24561607677325
402.01028,129.7857421458785,129.42834264263615
402.31656,129.63430234753125,124.68660437890978
402.62284,129.3168090998058,128.42605410238434
402.90462,128.84840901444156,131.16226122014132
403.20783,128.25755298160425,131.16173483919468
403.51105,127.60740013512839,128.99287426524586
403.82401,126.97988824911971,129.2087299319377
404.11186,126.44165715142236,127.7286651457097
404.42503,126.01624922987466,127.06154967322848
404.70427,125.6725027324357,126.61611295666125
405.0023,125.38438812129439,128.8665691571005
405.32497,125.12834984908872,127.57452764501096
405.62294,124.91752770019909,129.08241166426868
405.91545,124.79499937534584,131.88273198132595
406.21042,124.78318870285568,126.02183544767084
406.51738,125.02812691684917,127.85921420023732
406.81402,125.5672923407268,128.26313919940043
407.10449,126.14277804992233,130.46735941343954
407.40424,126.58489856652574,130.908374530055
407.72821,127.003628029813,128.00105412607027
408.01973,127.44041893933172,128.76360904393846
408.32875,127.80162154491347,130.54392152212776
408.62785,127.89354739748165,130.74565701992609
408.90593,127.71611753989427,130.38882995596325
409.21491,127.58908207818544,134.12689134969105
409.52388,127.65889993099492,129.39391074896432
409.82529,127.72221697911343,129.90530299814506
410.12752,127.54133932632556,127.24005203199465
410.42592,127.25379057470187,125.12942235026748
410.70724,126.93027026513741,127.25612639015256
411.00023,126.36645705343355,129.4436866472306
411.30993,125.36547788578648,129.81904232051505
411.60919,124.0096916410593,128.44003609627936
411.92578,122.60555072662174,127.01942603797391
412.21332,121.46679134619265,124.62165554985671
412.50086,120.80949287836617,122.28378063370485
412.82035,120.5730622964227,123.1042506152267
413.10789,120.70717758186376,123.28052901449334
413.42738,120.97082863851017,128.56284735089142
413.71492,121.20233755860261,126.09058737906335
414.02349,121.26633890195174,124.59002005496387
414.30889,121.24205958078815,125.98619287782174
414.60885,121.51431696591206,124.24587877181494
414.91643,122.00431182961202,123.3371149662567
415.22402,122.4319700297066,124.45171346123522
415.50084,122.76484018083568,125.00186708737385
415.80228,122.78382937348559,130.29762787719667
416.10763,122.48958242431596,125.1674665331856
416.42244,122.11922079026272,124.6979084097388
416.70053,121.87917791907293,124.78598510163468
417.02297,121.95595715990166,125.55010600281912
417.32318,122.54799097010707,128.49320715165146
417.6256,123.61647849416022,126.11039904194237
417.92802,124.90199288251148,126.72611341498455
418.22308,126.11782101328993,126.51831795653808
418.5187,126.93515244841745,128.16679832664235
418.82113,127.21750318819312,124.69830977521059
419.12045,127.2468686652536,123.2353786887956
419.43366,127.43381943821328,121.05668795066839
419.71207,127.94584992429179,122.70208241247298
420.02527,128.5623801878013,127.88151959285102
420.30368,129.0801811250073,122.61420969319389
420.6159,129.46851866838816,119.94255003901819
420.91053,129.6202611357797,121.4005528838203
421.20143,129.56503719471576,120.69788037839382
421.52976,129.3487406839811,123.25724981712835
421.82971,128.90159980909914,121.23553245704986
422.1039,128.39453046344266,120.54238086699564
422.42894,127.97339938708637,124.1727249797562
422.72444,127.5101183564282,124.41546555329748
423.00317,127.05391056974042,121.40196095285256
423.3159,126.68810213087559,120.63775451476428
423.62539,126.60238099371588,124.47036708603162
423.9108,126.74695810047135,121.73100168259484
424.21067,126.98913939425685,122.44131987127125
424.51327,127.30573121461117,122.27427287785625
424.82529,127.64870787991566,124.91256655977702
425.10517,127.87524907982421,122.4633554936498
425.42494,127.86901146560658,123.76781301631812
425.71706,127.70168154243277,125.2368501217141
426.02473,127.46990285210518,125.67117362054546
426.30551,127.18241989809982,123.05013865391248
426.60894,126.9588395910161,124.71527240121594
426.9225,126.84127240658489,125.58220208104026
427.20005,126.77192829662741,126.65254509793033
427.51159,126.66203311449345,126.9645310850016
427.81065,126.46060686550126,125.0131974372502
428.12185,126.33043285739814,126.70018915336274
428.4179,126.4627518678588,124.37340771566124
428.72321,126.7882592654968,127.33740618807502
429.0096,127.0702810171808,128.73082209072487
429.31128,127.27855021847927,127.29405871711953
429.62408,127.58327872824879,128.96714739647902
429.92474,127.9869602762241,126.9759732908291
430.22539,128.28654999200208,125.287626143779
430.52605,128.2611192125177,123.39791196559321
430.80608,127.80818814722278,127.88209203213049
431.10338,127.09098752766911,125.44940274796579
431.40068,126.57514077972746,124.17092212501396
431.71716,126.52458846956489,125.12596139554336
432.00885,126.54472912053558,122.43492434276959
432.32452,126.44590109780461,125.63872881494717
432.60957,126.26997800567696,129.07660831433202
432.9027,126.10531288604551,126.37380006763914
433.20291,125.9226323785154,126.30979872429
433.50868,125.71625156886302,123.77586664480165
433.81109,125.4801697142967,121.9972780642126
434.10133,125.23154683367673,123.78345311019504
434.41568,125.17925088662844,124.91196122168841
434.72901,125.52212227574358,124.69551337643159
435.01866,126.16153695090807,126.59260346763213
435.30832,126.88958759772427,130.19679960686852
435.63016,127.34630202607318,126.52146308269425
435.90596,127.40373018735119,127.36256719732424
436.20091,127.14759321871801,126.09541034448691
436.50413,126.65696011812022,124.5822756752865
436.80432,125.99604936104748,125.83473334018899
437.10451,125.3041413459797,127.28003066489168
437.4047,124.64759297100221,127.35888253069777
437.70978,123.96160674158406,124.85663858419693
438.02111,122.95944979656892,124.17529108687103
438.32525,121.52129809321681,125.49563873436594
438.63243,120.02346795003984,123.87955711152716
438.92634,118.75837714241806,123.38133096577417
439.22498,117.81027294086061,122.7714133629068
439.52362,117.34903821613247,123.57938837670787
439.82086,117.3462681364008,125.53164977087769
440.12534,117.48494977655395,124.51479363792771
440.41863,117.58706110043954,124.80049347647636
440.72529,117.65785275800027,125.29941707698364
441.00533,117.71422815738501,123.3069006999198
441.30778,117.68998173503059,121.93525064941335
441.62494,117.64098224866058,121.73289665400273
441.90086,117.5644925173525,121.9889678250176
442.20323,117.39716917394051,122.4301540154407
442.50969,117.2970317786048,123.61066198469987
442.82045,117.46032172801321,125.93813429739384
443.1223,117.84663270474951,126.36002204636091
443.42455,118.38658112028526,124.27380328103399
443.70472,119.0495710820972,123.07136496558559
444.01673,119.78880732402942,124.32475037690656
444.31033,120.5938280247675,124.97438342219763
444.62027,121.44761134044958,125.60287569271941
444.90523,122.28216859205577,124.42803289839841
445.21868,122.92647861002399,122.92462311718708
445.50795,123.2448996041679,120.07173050308455
445.80614,123.14976940758706,121.21737889415274
446.11087,122.7001479624941,122.53676589642004
446.40737,122.01112188310913,118.73085399867082
446.71523,121.29559252306106,119.52911728400645
447.00134,120.66477101685038,120.07157258880056
447.30842,120.08192255416378,118.67494576237624
447.61845,119.50639078663545,119.43237504577655
447.9213,118.87649044708141,117.43529889376248
448.22255,118.13549082897796,119.04860385710776
448.51055,117.40428189648193,119.35883962753147
448.80497,116.78661991393719,120.6968407760242
449.12884,116.39026164088196,117.9536196321533
449.41149,116.59464220293714,118.19761694020468
449.7149,117.35692077080836,120.20880010158862
450.01191,117.75454893789734,118.34328628742443
450.32529,117.8946715458919,118.91192246455185
450.61268,118.47538816574462,119.29812158533699
450.90981,119.28177087718211,115.95781995393483
451.20694,119.60750856648426,119.15941362613651
451.50321,119.58320292627332,119.87214000764376
451.80709,119.47334064294853,116.34628251279051
452.10031,119.28517919381159,120.49022309494583
452.42284,119.10340011365261,119.89591926690807
452.71606,119.21888809334459,119.35374689187279
453.00635,119.5812026786761,120.25548351179341
453.32888,119.75163824943508,119.67953721926958
453.61917,119.51812908174543,123.71748441805786
453.90945,119.05084097613098,122.15741630770299
454.20781,118.61201692020586,124.9973599505183
454.5246,118.26394751924269,120.03006087139647
454.8077,118.03691283719667,121.63996409787413
455.12359,117.89436887684758,117.60597791570927
455.40465,117.78969144584713,115.47376661517
455.71693,117.74129071780393,120.94657563639393
456.01244,117.88253846507192,120.31622787303525
456.30327,118.47721075977233,118.03961053954816
456.61558,119.25028671681142,117.04677711705031
456.90187,119.74030131979691,116.46846869002843
457.21678,120.11907188947265,117.76147742710742
457.51686,120.61994967924431,116.91426071373465
457.80777,121.10789165725242,116.05749676594223
458.11618,121.54530764414525,118.7264718772901
458.40623,122.03197972811958,117.29001117272907
458.71958,122.17903082532425,121.2544690116051
459.03009,121.85897147048394,118.46537376823485
459.30573,121.39095301130604,118.25921009072297
459.60409,121.00256282983051,117.72927607269696
459.92116,120.64601211586464,114.13267955837765
460.22161,120.25614806773854,115.05447129236512
460.51304,120.0392725379626,117.20912616051658
460.82039,120.01153226207487,121.68635141879642
461.10372,119.84993989121938,120.39613908049645
461.42324,119.42517020656948,118.41922331873855
461.7137,118.8554220496923,119.81858074632353
462.00417,118.21121730791342,116.08432245493518
462.32368,117.53539681052717,116.0002659975192
462.61415,116.87907872721385,117.89681654824943
462.90752,116.39380813250992,122.0180832711284
463.20793,116.1148986081729,118.49979908214488
463.51919,115.8632490371098,118.24445168493165
463.81201,115.63106898131042,119.40356226871006
464.10886,115.54703226317994,118.07363448798637
464.43123,115.70076839840686,116.1454681816488
464.71875,116.33039238796394,115.27260355665115
465.00627,117.25884284092635,115.65248610607668
465.32573,117.74779810225672,121.39007790298226
465.61325,117.63375109040615,121.16010864715872
465.90339,117.26750838726036,123.1786282429864
466.22672,116.90635184001144,120.48036003195824
466.5009,116.68687072454964,121.68190349979736
466.8105,116.58991135417924,121.30853491458646
467.12699,116.57621229004303,118.36113060151538
467.40406,116.67846836868895,119.05178846183492
467.72366,116.90450292693637,119.70505353565778
468.00419,117.24313694943109,119.2257178861272
468.31544,117.61288008587204,116.6010837897716
468.6248,117.98137964732655,116.81524845767237
468.92858,118.35278088374938,117.87185951161703
469.21231,118.77012201728988,120.81634241043429
469.52756,119.16740145700172,120.68847131897269
469.80996,119.42143290184836,119.25674804293138
470.12453,119.60839025456988,120.24932485471777
470.42364,119.77829286462037,118.21664561142558
470.7333,120.0220598810076,117.38675999072078
471.01718,120.37922909258575,116.18588765858863
471.30106,120.73885255532761,121.07014356361677
471.61648,121.03717237707184,117.87890643654015
471.90035,121.3108970490845,116.37333191368577
472.21577,121.62860742895043,118.19759062115736
472.50911,122.160370620766,117.9312155431121
472.82138,122.91764198988233,115.52884580147366
473.12958,123.67207090188683,120.72099508171297
473.40527,124.26665107992159,121.15771361385154
473.71159,124.59946201319414,119.03216761204905
474.01792,124.76800919230706,119.14731344412573
474.32424,125.01490159556494,117.42786376289123
474.62269,125.44846184202368,113.68433458708026
474.91632,126.0490625021356,117.44972173170032
475.22864,126.66540195255192,120.56714709053489
475.52228,127.19432926701748,117.550332869888
475.81106,127.76582106078038,116.03156592455855
476.12586,128.39020098015658,116.74246971203809
476.40919,128.96693684410036,116.52671274177374
476.72042,129.30657757015555,115.84472042778822
477.00336,129.36309114453877,118.13005594570393
477.31459,129.34887227921777,121.35547493550274
477.6046,129.4626297815477,118.03055678726602
477.91272,129.34943155897355,118.51080044392955
478.22084,128.75304852619658,120.9254677604338
478.5128,127.91972826981498,117.71623498474406
478.80723,127.0264071652787,117.93093261335329
479.11974,126.13340188931036,115.49411781851933
479.40052,125.19729259357439,115.6044472649343
479.71164,124.285620533286,116.22424767007473
480.02432,123.4115715511584,117.66180719486186
480.30457,122.7367906561418,121.02499323791903
480.62285,122.21958847726256,119.90109753947058
480.92529,121.7432926776988,117.227582392458
481.2098,121.26083164129756,116.36294246975154
481.5221,120.78641765361803,118.38477826554302
481.81357,120.45631100245879,122.65074711065228
482.12847,120.48020869743607,122.23740647230619
482.41187,120.95968252196516,125.21755826001987
482.72677,121.90358225571137,122.55062945460207
483.01017,123.21763307113213,121.26498347101415
483.32507,124.51112871058677,123.51908485950887
483.60848,125.29868672342019,121.62228427782898
483.90448,125.56477229194479,119.55119896471786
484.21622,125.48063687738681,123.10590213544677
484.52797,125.09441143755433,126.71161161990474
484.80245,124.33096167207685,123.26719841701976
485.1199,123.34589236854188,123.13058282208218
485.40367,122.22745787241479,122.93486122659917
485.71582,121.01401819518168,122.86949787255062
486.0052,119.92704154037793,122.2524807066655
486.31705,119.04678126308005,123.69571198615265
486.60344,118.22248843993324,125.74947278635759
486.91508,117.47833711591181,123.00750837699681
487.21634,116.82898700037958,122.4435504105326
487.522,116.25134970906467,122.39312311584484
487.82682,115.71630321609447,123.01931246972512
488.11023,115.19941686578323,123.28191076447825
488.4234,114.79574189756977,120.71462587225867
488.7207,114.64153201949085,118.3471946659532
489.01043,114.79284680236327,116.15567339225171
489.30476,115.1811185481258,118.81096259898703
489.63179,115.63631305149127,120.21832759672273
489.92611,115.7378716753829,120.12917182388622
490.22044,115.39005230536935,121.40102662667229
490.51476,114.88904292036102,120.45535693699301
490.80486,114.40991124344725,121.88671832613349
491.11802,114.00622969547194,118.79549357891776
491.40271,113.78395218123114,118.08099724147743
491.72157,113.77604988726978,120.60019065445996
492.00968,113.99274776347625,122.59216749105352
492.31971,114.45044257633825,125.88005473969437
492.62492,115.07469748023962,122.5957600410143
492.90533,115.84304916828265,120.95197762085877
493.20817,116.67884999487526,120.38580885441871
493.52546,117.45301819237864,123.12858257448497
493.80485,118.04707856922857,119.96832296611788
494.11219,118.2217778256553,120.81386841998508
494.4247,117.93684123947929,118.32609336975491
494.70596,117.51609836907113,114.32082126822908
495.01387,117.0010477723113,118.42707955436708
495.30709,116.33703794741521,119.35402324186975
495.61702,115.63137165035474,116.57266579841507
495.90348,115.13688938908467,117.23460299833377
496.22178,115.04764807934436,119.18487072466823
496.52733,115.36183170686783,117.40021560366918
496.8051,115.93098110541823,119.03010814659535
497.10712,116.69252931972596,118.19486659975851
497.42061,117.75918109022774,115.93459997442633
497.70897,118.98812268633927,116.84393621926404
498.00328,119.86069122205444,114.81850129374993
498.33028,119.97071141966325,115.09431175026364
498.62459,119.61966138658971,119.15776210591645
498.9189,119.34094267534584,117.08449231187677
499.23282,119.40146990444717,114.18879834705089
499.52049,119.49971232837498,114.33648110139151
499.80816,119.32842796833958,118.51903172598259
500.10127,119.01498127414138,115.24951517237932
500.42628,118.70052787638275,113.60237707368898
500.70623,118.40376745819293,118.39286479283572
501.00284,118.15022949548376,118.33418647680946
501.32777,117.94998102385969,115.23639512728442
501.62021,117.7942775398447,114.75892155035257
501.91265,117.7162218252204,115.06279469108381
502.20509,117.8441587143003,117.0428621587597
502.53002,118.30822273661661,118.65661454590963
502.81248,119.09026690903403,117.87620873418862
503.10411,120.0482999711974,118.26409227400302
503.40158,120.83356822691294,118.98212194354761
503.71597,121.29696769328413,115.26650411743202
504.03356,121.43730743341919,116.05510173263502
504.31587,121.43218837871314,118.51249802248248
504.63346,121.37874097334407,116.73527803235467
504.91576,121.36483793659104,116.48686570411337
505.21807,121.57550217119669,117.89282263281683
505.50392,122.09230956436593,115.84366766589494
505.8257,122.56667091395082,115.96788040977742
506.11823,122.71934770752264,119.72541131876892
506.41075,122.61763116934702,117.103902609284
506.70328,122.37770015410842,116.35507307459935
507.00458,122.08184116328971,118.19951849137442
507.32636,121.808827105555,117.20246744154161
507.62459,121.68481175452752,116.44097844509037
507.90226,121.74514159077387,115.0424303282108
508.20892,121.85799766573265,115.6197846897669
508.51806,121.88779740707412,116.33549828314631
508.80145,121.80351723775581,115.79745799854211
509.11631,121.67808723793425,116.67431653897236
509.41674,121.54391273463668,117.79504079221732
509.72191,121.43378068107671,115.0578796089946
510.0124,121.40682997660895,114.28693549478936
510.31361,121.4314185465787,118.35942644320065
510.61472,121.38626164111915,116.44191935103248
510.92109,121.30771244435735,112.60062807390747
511.22774,121.36502216992236,119.28015883553303
511.5016,121.48403690195681,120.03062015115228
511.82387,121.40969217300628,119.4955802379439
512.10948,121.17103763156325,115.88933121301562
512.42509,120.90891965942393,118.7480403365785
512.72044,120.84204953991562,117.62808591546798
513.0158,120.9773426027248,116.60103773143877
513.32592,120.98098779078026,115.36514132706981
513.63131,120.8933782619745,121.28667036601556
513.92611,120.85370229812179,121.69320095086454
514.22564,120.95143150062663,120.08485712794129
514.52066,121.24519154742063,118.83328773088624
514.81569,121.7680523214762,119.17164540338399
515.11071,122.54989910103862,118.17560763687345
515.41395,123.57442723628583,120.5618964405922
515.72449,124.49685062740926,117.92303031939193
516.00086,124.9432085106331,117.46662513984916
516.31177,125.13292936332445,120.72824597925288
516.61906,125.34077745986559,118.34759603142501
516.90114,125.59769742015689,119.15774236663094
517.21987,125.84003004846451,119.8427153127268
517.50874,125.998707584828,121.75518888709277
517.83019,126.01932197865065,118.9666858222875
518.12581,125.9022416965951,118.938109916647
518.40988,125.72054157357809,120.28138803412975
518.72172,125.52926131733233,116.84846309540512
519.0089,125.24387730735168,116.00643781411853
519.31762,124.97471899005112,116.75177349526987
519.62634,124.83393182611141,116.54323452373629
519.91655,124.85400009970192,119.51397067226699
520.20439,125.01305926225172,117.11424599488541
520.5308,125.21018892676696,114.76329709197148
520.82457,125.2737691653588,115.17063698752588
521.11834,125.13937752992075,113.01455431105668
521.41211,124.77928032432692,111.96378608561966
521.70589,124.08743152711563,116.65099786303637
522.01437,123.20600005221146,117.33090439252086
522.30723,122.44489926170837,115.06626880533159
522.62938,122.07520218360025,115.01921692846415
522.90197,122.27270689454,118.6315917116589
523.21728,122.91849077915879,121.6898584318534
523.52086,123.72532091440092,120.22738134900487
523.81161,124.44439676607698,119.72219381523263
524.1272,125.02448830855556,119.83478669971811
524.40117,125.37403815593115,119.58387406198028
524.70157,125.4205899708993,124.18307494511942
525.00172,125.16663748319465,118.68401267418204
525.30886,124.699948135907,118.22253449826607
525.61512,124.2071108150952,119.94922191751681
525.92212,123.88732781025186,120.81332887951478
526.22634,123.7681485841716,117.80720677184647
526.51032,123.79042107797616,116.96020061085233
526.8075,123.9323991788076,118.62324199389289
527.12401,124.26911849060895,117.79270497676663
527.42677,125.06286147956533,123.19595933565438
527.72651,126.36408175941185,120.8811201656797
528.02625,127.89856775576021,119.74372279595005
528.30267,129.42230900103536,118.06616645830596
528.63239,130.74810469132794,117.85348881657944
528.9119,131.97158508511814,117.13863717200016
529.20463,133.04983697573138,117.80716071351361
529.52397,133.86038467640913,118.63830964849035
529.82203,134.29097745028122,121.75841955015275
530.11476,134.41687461319293,118.33120584469913
530.40749,134.4562873865723,115.02546112244363
530.70023,134.37348766366645,118.00382321493873
531.01113,134.10669148086387,121.05255586023728
531.31677,133.56291364394136,117.62690813809988
531.62658,132.7642095145629,120.59890760090255
531.90541,131.88020535278207,118.59854814773382
532.21251,130.97598816265042,116.81961741952944
532.50552,130.05307786915134,116.48973448027255
532.80652,129.0486509063038,118.8935057111814
533.12444,127.99109894641703,121.85667513360423
533.40283,126.82484274128802,120.21712350030731
533.72437,125.60052671774505,117.80520652424923
534.02754,124.38586978457286,120.37949228305908
534.30812,123.14336071956177,119.55082391829336
534.60533,121.9715380359221,117.68290191129833
534.91375,121.0964889299959,118.94277496778656
535.22218,120.45456736557307,118.72540595587316
535.5306,119.96963233872262,118.53028969847878
535.82669,119.68159010496146,118.29506979271255
536.13203,119.47970327264099,119.19306252815025
536.40344,119.3160316970463,121.75879459657725
536.70878,119.0233902097639,121.14300784615489
537.01412,118.65850951731753,121.19215866704704
537.32106,118.46924266819263,125.79651150370137
537.60249,118.5557928553433,124.9406555630419
537.90172,118.89111725763604,121.98607930957292
538.21184,119.43867845761253,119.69189401199188
538.52179,120.15476709741642,120.54859216216596
538.80568,120.93323845915853,120.54753940027268
539.12083,121.54745264650279,121.81931524591673
539.40469,121.96312252053775,124.24450360159187
539.72422,122.31971929283645,125.25632621673964
540.00422,122.98259081893539,126.62471270537694
540.33188,124.14391878245152,120.88047534902009
540.62677,125.43921727664838,121.46025764269251
540.92166,126.50825750069552,121.39184127915348
541.22219,126.92376288068462,119.71184384986938
541.51299,126.59984120564837,119.13097589549452
541.8038,125.91798706666134,119.8112640511653
542.12846,125.08254812696953,117.80135736357695
542.43017,124.066422347583,117.32123872238824
542.7011,122.97939305468458,120.16209037233648
543.00141,121.8664329204025,120.54390737174089
543.30508,120.91549284149505,117.00975937697811
543.60068,120.5838267867814,116.5557558105044
543.90516,120.86299950159176,119.28531736881007
544.23033,121.12482138444861,118.22226472803092
544.50741,121.14946917227485,115.80731448176786
544.81807,121.13190778794268,116.11774106528475
545.11579,121.14906122704119,117.53257409270086
545.40057,121.14617271159653,119.98729241948226
545.73261,121.08711276938394,115.59486055194367
546.00828,120.97855327890207,114.14006205115422
546.30877,120.84595791844441,116.4192783905653
546.61803,120.73252940420613,118.7357822402837
546.90668,120.61300803051054,118.74508602351551
547.22817,120.46019964170208,116.48169401131267
547.50157,120.25758903557997,117.633560277313
547.8234,119.89913019068254,116.83891586098551
548.11597,119.46254325378064,119.78185909553383
548.42187,119.01244806583568,120.06517048053709
548.70943,118.5478905613819,120.32007045394568
549.02026,118.10725049119091,120.34359310249849
549.31724,117.66305734961014,120.02720525476096
549.62397,117.1609294050902,120.21108985870649
549.92317,116.61548030866209,117.55489264483822
550.21199,116.16410206715972,115.99122540476074
550.51154,115.88762705470089,120.25898394508854
550.80504,115.75503169424323,118.80194832527587
551.12346,115.65236767036367,116.88500709262533
551.40839,115.48384023053626,116.380727565986
551.7056,115.30083073491451,115.29759349209272
552.0135,115.06813745769216,115.02025653083376
552.30235,114.68780090470017,113.98493100641869
552.60788,114.13623262976742,113.86393576607253
552.92197,113.52022874720458,116.29769755141598
553.21792,112.97974079119854,120.29917971012605
553.50644,112.59317320375075,116.74340403821836
553.8225,112.33622034465029,116.3535268305686
554.10957,112.08062949624923,114.96773687188315
554.42853,111.7665511449151,112.62779591051574
554.71559,111.38126003126288,116.62644877163763
555.00266,111.00631888297391,115.54145920490743
555.32162,110.8152886576778,113.83715613541241
555.60869,110.82879690872088,113.59267192498538
555.91072,110.96428736438503,116.27641860164823
556.21021,111.25871854688597,119.6229315282207
556.522,111.7702687103507,116.78425119967733
556.81582,112.28716164042379,113.41426168288487
557.1314,112.6325004402263,114.9812451229262
557.41543,112.79886971817251,114.73174055422064
557.73101,112.81070012994815,112.82213575601381
558.01504,112.72030736188705,112.42778431031763
558.33062,112.59679207275886,113.87564774213519
558.61256,112.47981706689262,117.55982088645112
558.9227,112.36140109318498,112.64962756027748
559.22719,112.21998227210935,114.22685568949268
559.52492,112.04396706331602,113.16074345946123
559.82122,111.89569213041045,113.91134295007893
560.1266,111.85841119986495,112.36315788959439
560.40143,111.9485407774527,110.6528935558787
560.71141,112.1586917906354,110.13130267585689
561.01733,112.55354987799271,112.4089464521899
561.31656,113.13064104907548,113.1778113616559
561.60709,113.96698799590021,112.06227854049715
561.90029,114.93562763413831,112.28251632856973
562.22519,115.76594093936228,110.97070921193398
562.50821,116.30815279296854,109.09909595855063
562.82644,116.49409028260595,108.36641973916588
563.11121,116.38445171118346,110.9506080395343
563.42489,116.39251849919066,112.79807356699072
563.71207,116.85043702395501,110.42168730483058
564.02415,117.49322053717796,111.11789848413713
564.30646,117.86722735928666,107.52748036617893
564.60066,117.95554750237037,106.7380800200323
564.92754,118.02866181585813,110.03231673884196
565.22174,118.15567095851961,113.9110534405583
565.51906,117.97493148073025,112.53946260790835
565.82616,117.3988206941606,110.80996563035495
566.10673,116.7201906384717,109.02479728793296
566.40222,116.08478303826348,110.73698949186567
566.73054,115.58651083417766,112.57654614559888
567.01212,115.11961751427319,109.11061712152014
567.30566,114.49890252223793,113.36786120243889
567.62855,113.69498064172598,110.79139754246236
567.91915,112.85513326160608,109.31145777170917
568.20975,112.15036181215487,109.47635318300482
568.51218,111.68032994585607,111.11324659252122
568.8155,111.45690755305634,109.68603703309734
569.12598,111.52975209630895,110.92465087910332
569.4263,111.8165112765127,112.65335828523675
569.7026,112.12118714818754,113.32621131003631
570.03296,112.3708496311771,112.63652067470622
570.33028,112.68078931231832,111.62081600007701
570.6014,113.13056209193346,109.69039283543074
570.91691,113.69196053104466,111.43387180687918
571.21205,114.28248099602845,114.20654396471437
571.51266,114.71200126872176,113.91842935357303
571.81326,114.85865758021646,111.73245481909672
572.11086,114.74436711717806,110.70109689106692
572.40846,114.39992974474666,110.34829006158401
572.70606,113.88162874564134,111.82297918239448
573.00806,113.25414317867998,111.47546906118711
573.31254,112.6826579646789,114.39485674837346
573.62803,112.27591682745128,114.84280035419903
573.92468,111.92524184080224,111.82549923117651
574.20774,111.43035163429855,113.56800439787366
574.51651,110.86366964643551,112.94942124867228
574.81804,110.36835833517452,110.82767834920926
575.1023,109.98846920598717,111.3372348448386
575.41035,109.86367744306338,109.39354030057527
575.7184,110.07646694074108,110.36964796849378
576.00269,110.47323315902995,108.07864069587805
576.32267,110.8315604086907,108.43512561222556
576.6186,111.10031078075764,111.52974551654714
576.91537,111.28103051926152,109.58619572704413
577.20904,111.39749230370478,109.87186266678358
577.5105,111.49974180258886,109.65175647394764
577.80583,111.6233492083827,106.96596349135478
578.11481,111.79546261840909,107.42209890066238
578.4238,112.0680621511483,111.61819725486751
578.70189,112.41734880805058,109.5498688619644
579.01087,112.7989486753145,110.58381263639455
579.3081,113.2210009183274,108.89150447272098
579.60574,113.584888066737,109.76706680007015
579.90536,113.8859977074984,109.9688088776303
580.23199,114.16497302945376,112.48578491087511
580.52332,114.37611100691137,111.08636168567179
580.81464,114.46547733212654,111.03153911007962
581.10596,114.45735132626285,108.8845957227964
581.42965,114.38363167468646,108.9167839176832
581.72098,114.28515895909447,110.49629522425445
582.0123,114.19089071131376,110.32771514633237
582.32952,114.09945176112123,108.79532809400874
582.6099,114.00626259428111,108.57224126906246
582.92126,113.8897284324577,109.2966467278232
583.20148,113.77477999323602,109.56416668442739
583.51284,113.63157147694182,109.61344910055621
583.8242,113.56126014199486,112.50101047975659
584.10443,113.65298202194623,109.78954984625335
584.41579,113.78986080735714,110.8136897755524
584.70305,113.85823111256335,109.87592895959634
585.02696,113.87133141837276,110.99349492716149
585.31172,113.9153895036062,109.78171334991029
585.62571,114.07433023044302,110.67013253188105
585.92103,114.56752943815565,108.71549584368952
586.20334,115.46569982716281,108.96820475640772
586.53088,116.36896953159052,109.66213933812006
586.81129,117.01312821503657,110.80492553279092
587.12285,117.42269864985238,110.40446806811374
587.41107,117.7119318205053,107.05589567608757
587.72822,117.98172837470369,109.49863883633301
588.00364,118.29855706648402,107.31009819474187
588.30967,118.67401801595778,109.44295431194075
588.60024,119.00998723491017,111.74655524870474
588.90127,119.06203973077066,108.78325423104525
589.22938,118.81162057517031,110.96057637871124
589.5321,118.47351293362223,110.5102443193403
589.82666,118.26990220370152,112.00408712684651
590.1174,118.17593004520327,112.10421136265853
590.42003,118.11552783157677,112.0503296930085
590.72213,118.08508327357569,109.8517417550984
591.00429,118.12308139816099,108.96933647544299
591.30525,118.25205788961054,112.006942743482
591.60053,118.4787175252321,113.67806407405345
591.9245,118.7240176261264,109.8527550384207
592.21197,118.98004931857025,108.23714715843386
592.50879,119.33625130515895,108.8492755612771
592.82714,119.7409000781237,110.04412083157027
593.10762,120.01902003104078,110.7015903732044
593.41927,120.06996054715148,111.49640586333956
593.73092,120.02942921426049,113.74577640307635
594.01141,120.01274293825213,114.03275929518242
594.32306,120.09739157423306,113.35664928827555
594.61617,120.32553165626703,113.9027892596961
594.90928,120.71342177584324,113.29241107350043
595.2024,121.04925281979715,115.01284113924802
595.51016,121.32687929057673,113.9605332495421
595.80035,121.76378205604661,116.4347145118254
596.1131,122.22245725342174,113.2650655833227
596.40668,122.35740158885375,110.98113813443922
596.71315,122.23205712593602,113.29812230677143
597.01356,122.07343222766718,114.32528234675183
597.30773,122.16881245519767,115.49237418163361
597.62836,122.65474760584672,119.90018953233763
597.90268,123.38327199551489,118.7781690660116
598.22142,124.16796781195097,116.81983455166994
598.50882,124.94903817961708,113.89003110150202
598.82629,125.70600687968911,112.78077537313189
599.11091,126.3403682977659,114.35597693570256
599.4271,126.73458156846357,115.71946808153612
599.72438,126.79966857251515,116.3096200798573
600.0,126.5781411511233,114.83455591262233
