time,Real,Predicted Value
39.0,53.599999874830246,28.29643675684929
39.3,56.60000105202198,28.346224173903465
39.6,58.49999947845936,28.406695663928986
39.9,57.9000004529953,28.471157044172287
40.3,58.20000147819519,28.560616493225098
40.5,62.09999968111515,28.62291806936264
40.8,66.299998909235,28.67750908434391
41.1,67.39999863505363,28.734256878495216
41.4,66.59999993443489,28.804849803447723
41.7,65.69999988377094,28.85796767473221
42.0,65.30000053346157,28.966499343514442
42.3,67.60000133514404,29.04846602678299
42.6,69.6999994367361,29.130968123674393
42.9,70.99999883770943,29.192964181303978
43.2,73.30000266432762,29.289765149354935
43.5,73.30000266432762,29.385592088103294
43.8,71.9000019133091,29.482048213481903
44.1,69.10000041127205,29.550460159778595
44.5,70.39999981224537,29.65863186120987
44.7,75.39999774098396,29.80529284477234
45.0,77.70000156760216,29.90051782131195
45.3,76.90000286698341,29.992397218942642
45.6,74.10000136494637,30.109559029340744
45.9,72.20000293850899,30.227120131254196
46.2,70.30000148713589,30.366745114326477
46.5,69.6999994367361,30.494391351938248
46.8,71.50000256299973,30.628674298524857
47.1,76.30000081658363,30.762388557195663
47.4,81.19999739527702,30.90675663948059
47.7,81.19999739527702,31.040634244680405
48.0,79.10000231862068,31.162254810333252
48.3,78.80000129342079,31.26047447323799
48.6,79.29999896883965,31.39747381210327
48.9,82.59999814629555,31.518549889326096
49.2,86.59999769926071,31.655004739761353
49.5,86.99999704957008,31.80410987138748
49.8,87.59999909996986,31.938967555761337
50.1,88.99999985098839,32.0697657763958
50.4,90.4999989271164,32.18738132715225
50.7,95.8000009059906,32.284318417310715
51.0,95.89999923110008,32.42803916335106
51.3,91.69999697804451,32.55837154388428
51.6,93.69999977946281,32.694995790719986
51.9,94.89999783039093,32.8220793902874
52.2,97.39999830722809,32.98955798149109
52.5,100.99999850988388,33.1382275223732
52.8,101.99999991059303,33.29299533367157
53.1,97.39999830722809,33.47502386569977
53.4,96.40000295639038,33.63536360859871
53.7,103.00000131130219,33.815189987421036
54.0,117.99999812245369,34.02084931731224
54.3,113.99999856948853,34.20167997479439
54.6,108.99999761581421,34.332242250442505
54.9,116.00000137090683,34.51749536395073
55.2,121.99999767541885,34.738249123096466
55.5,121.00000232458115,34.891631513834
55.8,134.0000023841858,35.08712100982666
56.1,134.0000023841858,35.28614363074303
56.4,127.99999397993088,35.4877253472805
56.7,131.9999995827675,35.71164923906326
57.0,121.99999767541885,35.91692137718201
57.3,136.0000051856041,36.13537013530731
57.6,150.99999594688416,36.319516122341156
57.9,137.0000005364418,36.57755523920059
58.2,134.9999977350235,36.81094112992287
58.5,147.00000244379044,37.00105229020119
58.8,158.99999505281448,37.215798527002335
59.1,173.99999791383743,37.47100630402565
59.4,173.99999791383743,37.73207035660744
59.7,163.0000006556511,37.99602019786835
60.0,150.99999594688416,38.30159920454025
60.3,152.00000339746475,38.598901987075806
60.6,152.00000339746475,38.899199455976486
60.9,165.9999988079071,39.18417865037918
61.2,176.00000071525574,39.52257215976715
61.5,165.9999988079071,39.838248401880264
61.8,160.00000250339508,40.20807099342346
62.1,160.00000250339508,40.53233805298805
62.4,158.99999505281448,40.86423400044441
62.7,168.0000016093254,41.16794964671135
63.0,197.99999523162842,41.50032353401184
63.3,207.00000178813934,41.84966126084328
63.6,194.0000017285347,42.21596282720566
63.9,192.9999942779541,42.58394020795822
64.2,207.99999713897705,42.94150575995445
64.5,212.00000274181366,43.30974933505058
64.8,201.00000548362732,43.7476632297039
65.1,192.9999942779541,44.18595826625824
65.4,204.00000363588333,44.6109798848629
65.7,220.9999971985817,45.059269309043884
66.0,231.00001120567322,45.495319843292236
66.3,220.9999971985817,45.977724492549896
66.6,238.99999821186066,46.42303737998009
66.9,224.99999070167542,46.94362881779671
67.2,244.99999451637268,47.48593929409981
67.5,249.0000001192093,48.0061072409153
67.8,240.99998891353607,48.57774144411087
68.1,285.0000021457672,49.22951829433441
68.4,248.00000476837158,49.831903994083405
68.7,264.99999833106995,50.44758126139641
69.0,287.99998819828033,51.1464079618454
69.3,302.9999910593033,51.79984247684479
69.6,285.0000021457672,52.534962356090546
69.9,259.99999737739563,53.24300301074982
70.2,244.99999451637268,54.09329429268837
70.5,229.99999165534973,54.893165946006775
70.8,238.00000286102295,55.79041028022766
71.1,260.99999272823334,56.697739750146866
71.4,274.0000048875809,57.74417391419411
71.7,254.9999964237213,58.78129732608795
72.0,264.00000298023224,59.84848254919052
72.3,265.99999368190765,60.92275822162628
72.6,278.0000104904175,62.058512687683105
72.9,297.99999010562897,63.265746384859085
73.2,289.0000077486038,64.5286086499691
73.5,274.0000048875809,65.79147696495056
73.8,285.0000021457672,67.06321439146996
74.1,300.00000500679016,68.46196281909943
74.4,302.9999910593033,69.8850317299366
74.7,280.9999965429306,71.47544008493423
75.0,273.00000953674316,73.10755625367165
75.3,264.99999833106995,74.76768937706947
75.6,292.99998915195465,76.53212833404541
75.9,292.99998915195465,78.30796524882317
76.2,285.9999974966049,80.24613231420517
76.5,285.9999974966049,82.34348964691162
76.8,294.00000870227814,84.441839158535
77.1,313.9999883174896,86.7785052061081
77.4,364.9999932050705,89.12368947267532
77.7,444.00001311302185,91.62209278345108
78.0,474.00001883506775,94.16654771566391
78.3,426.0,96.82709968090057
78.6,377.0000100135803,99.57049858570099
78.9,481.0000104904175,102.51153469085693
79.2,408.0000110864639,105.5843248963356
79.5,354.99999129772186,108.84204757213593
79.8,417.9999887943268,112.20223087072372
80.1,528.9999809265137,115.81182616949081
80.4,447.00002336502075,119.58717584609985
80.7,444.9999842643738,123.56137269735336
81.0,538.0000116825104,127.66952580213547
81.3,446.00000381469727,132.00378680229187
81.6,415.99999809265137,136.46273565292358
81.9,436.00000190734863,141.12617015838623
82.2,431.0000009536743,145.92812252044678
82.5,399.000004529953,150.87459421157837
82.8,342.0000033378601,155.7204202413559
83.1,347.99999964237213,160.62036842107773
83.4,390.9999933242798,165.6056802868843
83.7,416.9999934434891,170.65558058023453
84.0,372.000009059906,175.94604796171188
84.3,342.9999986886978,181.1205393075943
84.6,321.00000417232513,186.4616441130638
84.9,317.99999392032623,191.76183968782425
85.2,344.99998939037323,197.38696175813675
85.5,348.99999499320984,203.37386614084244
85.8,347.0000042915344,209.45224457979202
86.1,398.0000091791153,215.47351223230362
86.4,384.99999701976776,221.16772383451462
86.7,389.00000262260437,227.49839401245117
87.0,447.9999945163727,233.35762190818787
87.3,489.0000216960907,238.89107632637024
87.6,442.00002241134644,244.70098567008972
87.9,387.00001192092896,250.75806856155396
88.2,387.00001192092896,256.67745637893677
88.5,372.000009059906,262.2336583137512
88.8,341.0000079870224,267.829208612442
89.1,364.9999932050705,273.4492971897125
89.4,389.9999979734421,278.48854970932007
89.7,420.000003695488,283.90415263175964
90.0,444.00001311302185,288.87767934799194
90.3,451.0000047683716,293.46783781051636
90.6,513.0000069141388,297.6423943042755
90.9,546.0000228881836,301.67572259902954
91.2,491.99998354911804,305.6678149700165
91.5,523.0000088214874,309.76125478744507
91.8,501.9999854564667,313.19545221328735
92.1,489.0000216960907,316.36185812950134
92.4,424.0000092983246,319.5401701927185
92.7,391.9999886751175,322.3430030345917
93.0,388.00000727176666,324.92358779907227
93.3,384.99999701976776,327.534131526947
93.6,419.00000834465027,329.4832065105438
93.9,466.00000762939453,331.7032673358917
94.2,431.0000009536743,333.63540267944336
94.5,405.000000834465,335.1724088191986
94.8,373.0000044107437,337.0787959098816
95.1,378.00000536441803,338.9504325389862
95.4,437.99999260902405,340.06206011772156
95.7,389.00000262260437,341.1926600933075
96.0,404.0000054836273,342.5531551837921
96.3,504.9999957084656,343.5571918487549
96.6,464.0000169277191,344.464478969574
96.9,533.999981880188,345.1790897846222
97.2,558.9999866485596,345.5253360271454
97.5,538.0000116825104,345.94253516197205
97.8,493.0000030994415,346.5115134716034
98.1,441.00000286102295,346.8520486354828
98.4,405.99999618530273,347.3479928970337
98.7,415.99999809265137,348.11705255508423
99.0,504.9999957084656,348.1576108932495
99.3,632.9999814033508,348.3677108287811
99.6,565.0000071525574,348.71816778182983
99.9,437.0000214576721,348.68627285957336
100.0,420.9999990463257,348.9057137966156
101.0,410.99999713897705,349.3237841129303
101.0,531.0000200271606,349.3280916213989
101.0,560.000006198883,348.9785542488098
101.0,494.99999380111694,348.8421175479889
102.0,597.0000035762787,348.99312233924866
102.0,640.999992609024,348.86970496177673
102.0,662.0000159740448,348.4206109046936
103.0,711.9999771118164,347.94300985336304
103.0,761.0000154972076,347.6284165382385
103.0,635.0000205039978,347.60315227508545
104.0,612.9999775886536,347.3417978286743
104.0,618.9999980926514,346.6419486999512
104.0,729.0000190734863,346.4369306564331
104.0,679.0000095367432,346.0933463573456
105.0,654.0000047683716,346.06735610961914
105.0,689.0000114440918,345.7549407482147
105.0,612.9999775886536,345.4992973804474
106.0,575.000009059906,345.8590953350067
106.0,523.9999799728394,345.04952573776245
106.0,498.00000405311584,344.9155089855194
107.0,472.99999928474426,344.89866614341736
107.0,474.9999899864197,344.9017152786255
107.0,540.0000023841858,344.5806849002838
107.0,573.9999895095825,344.0479574203491
108.0,524.9999995231628,343.7236359119415
108.0,516.9999883174896,343.33533096313477
108.0,541.0000219345093,343.1845681667328
109.0,523.0000088214874,343.60394525527954
109.0,694.999983549118,343.85605549812317
109.0,620.0000176429749,343.804655790329
110.0,590.9999830722809,344.24135971069336
110.0,637.9999823570251,344.5032949447632
110.0,622.0000083446503,345.2090003490448
110.0,689.9999825954437,345.98556184768677
111.0,645.0000224113464,346.57690048217773
111.0,526.0000190734863,347.0292372703552
111.0,513.9999780654907,347.7868263721466
112.0,501.00001430511475,348.7523374557495
112.0,451.0000047683716,349.7291738986969
112.0,449.9999852180481,350.3688631057739
113.0,600.0000138282776,351.09136295318604
113.0,697.999993801117,351.724711894989
113.0,625.9999897480011,352.83934020996094
113.0,531.0000200271606,353.4629125595093
114.0,513.9999780654907,353.89119505882263
114.0,697.000022649765,354.32213950157166
114.0,640.0000214576721,354.83328104019165
115.0,508.0000059604645,355.4788749217987
115.0,466.99997878074646,356.4928333759308
115.0,466.99997878074646,357.74104285240173
116.0,499.99999475479126,358.38291001319885
116.0,553.0000145435333,357.9194414615631
116.0,469.99998903274536,357.5972011089325
116.0,441.00000286102295,359.0889058113098
117.0,489.9999928474426,358.3772473335266
117.0,590.000011920929,357.93047642707825
117.0,489.0000216960907,359.0778224468231
118.0,493.0000030994415,360.7727544307709
118.0,553.9999856948853,359.7739932537079
118.0,489.9999928474426,359.8884084224701
119.0,466.99997878074646,361.21221709251404
119.0,466.99997878074646,360.04672145843506
119.0,561.9999969005585,359.6918601989746
119.0,528.9999809265137,359.9898042678833
120.0,471.9999797344208,359.8851172924042
120.0,519.9999985694885,359.4205355644226
120.0,570.9999792575836,358.9267692565918
121.0,546.9999940395355,359.14311265945435
121.0,476.9999806880951,359.8358471393585
121.0,523.9999799728394,360.11423802375793
122.0,622.0000083446503,359.7364356517792
122.0,543.0000126361847,359.4125497341156
122.0,528.0000097751617,359.53180480003357
122.0,486.0000114440918,359.6118083000183
123.0,516.0000171661377,360.0781807899475
123.0,511.9999873638153,360.362911939621
123.0,488.0000021457672,360.2292823791504
124.0,533.0000107288361,361.10975646972656
124.0,553.0000145435333,360.97331976890564
124.0,573.9999895095825,361.0862829685211
125.0,580.0000100135803,361.7330868244171
125.0,459.0000159740448,361.965692281723
125.0,506.999986410141,361.3560588359833
125.0,694.999983549118,360.3389060497284
126.0,607.0000054836273,360.35710406303406
126.0,605.0000147819519,359.9136242866516
126.0,551.9999949932098,359.37208819389343
127.0,583.0000202655792,359.3882534503937
127.0,681.0000002384186,359.50431418418884
127.0,672.9999890327454,359.6137926578522
128.0,679.9999806880951,359.4953119754791
128.0,576.9999997615814,359.24005579948425
128.0,518.999979019165,359.716979265213
128.0,521.000018119812,359.55513310432434
129.0,593.0000221729279,358.4021244049072
129.0,618.9999980926514,357.9939274787903
129.0,496.00001335144043,357.26140904426575
130.0,580.9999811649323,356.4678111076355
130.0,612.0000064373016,355.02890968322754
130.0,568.0000174045563,353.9864926338196
131.0,565.9999783039093,353.4014458656311
131.0,540.0000023841858,352.8054609298706
131.0,553.0000145435333,352.7383315563202
131.0,568.9999885559082,352.7692584991455
132.0,588.0000212192535,351.9823396205902
132.0,523.0000088214874,351.05249857902527
132.0,474.9999899864197,350.2155351638794
133.0,479.00001978874207,349.58784890174866
133.0,560.999977350235,349.9719431400299
133.0,583.0000202655792,348.9812161922455
134.0,479.00001978874207,348.84468269348145
134.0,558.0000154972076,349.7396764755249
134.0,496.00001335144043,348.85828280448914
134.0,506.999986410141,349.34735441207886
135.0,489.0000216960907,349.2704484462738
135.0,427.9999907016754,348.7887818813324
135.0,509.9999966621399,348.12857151031494
136.0,519.9999985694885,347.2118949890137
136.0,464.0000169277191,346.7062225341797
136.0,437.99999260902405,346.9873237609863
137.0,531.0000200271606,348.16806507110596
137.0,489.0000216960907,349.9201078414917
137.0,462.99999737739563,348.8302114009857
137.0,536.000020980835,347.20995903015137
138.0,560.000006198883,347.2745716571808
138.0,501.9999854564667,347.35510754585266
138.0,471.00000858306885,349.087064743042
139.0,469.00001788139343,349.57618474960327
139.0,595.0000128746033,348.91844272613525
139.0,518.0000078678131,350.49145770072937
140.0,449.9999852180481,351.3510718345642
140.0,491.99998354911804,351.7614951133728
140.0,444.9999842643738,352.62236762046814
140.0,451.0000047683716,353.2913382053375
141.0,476.00000953674316,351.63938450813293
141.0,498.00000405311584,351.5493140220642
141.0,506.00001525878906,351.8753294944763
142.0,459.0000159740448,353.3989291191101
142.0,519.9999985694885,352.9373481273651
142.0,560.000006198883,352.7604982852936
143.0,499.99999475479126,353.2965168952942
143.0,464.99998807907104,352.2889471054077
143.0,459.99998712539673,351.8001174926758
143.0,471.9999797344208,351.1647357940674
144.0,546.0000228881836,350.881311416626
144.0,503.00000500679016,350.29849100112915
144.0,432.99999165534973,350.258029460907
145.0,535.0000014305115,350.88566732406616
145.0,597.0000035762787,351.13840675354004
145.0,553.0000145435333,350.14729261398315
146.0,605.0000147819519,349.7721037864685
146.0,536.000020980835,349.7297546863556
146.0,514.9999976158142,348.87023735046387
146.0,511.9999873638153,350.70809149742126
147.0,627.0000092983246,349.18773460388184
147.0,561.9999969005585,348.0916430950165
147.0,642.9999833106995,348.1607084274292
148.0,590.000011920929,347.34082984924316
148.0,543.0000126361847,347.3913583755493
148.0,570.0000081062317,346.01276206970215
149.0,565.0000071525574,343.8634121417999
149.0,583.9999914169312,343.16244983673096
149.0,506.00001525878906,342.4997227191925
149.0,519.9999985694885,341.3660252094269
150.0,576.9999997615814,341.051141500473
150.0,600.9999849796295,342.42363953590393
150.0,535.0000014305115,343.0872378349304
151.0,439.00001215934753,341.446754693985
151.0,442.00002241134644,339.42498445510864
151.0,543.0000126361847,338.55685210227966
152.0,575.000009059906,340.6137115955353
152.0,546.9999940395355,339.1603388786316
152.0,472.99999928474426,336.9763836860657
152.0,573.9999895095825,336.17054080963135
153.0,543.9999837875366,336.0374436378479
153.0,531.9999911785126,336.4321856498718
153.0,526.0000190734863,337.07221364974976
154.0,513.0000069141388,335.9232704639435
154.0,640.0000214576721,335.57136154174805
154.0,575.000009059906,336.3345649242401
155.0,541.9999930858612,337.7900187969208
155.0,573.0000183582306,336.3711061477661
155.0,558.0000154972076,336.51199555397034
155.0,533.0000107288361,337.45853424072266
156.0,607.9999766349792,336.579754114151
156.0,600.9999849796295,336.6515781879425
156.0,607.9999766349792,336.7630410194397
157.0,664.0000066757202,338.1570281982422
157.0,659.0000057220459,337.96623945236206
157.0,528.9999809265137,337.3963415622711
158.0,546.0000228881836,338.2308850288391
158.0,706.0000050067902,338.9896357059479
158.0,679.9999806880951,339.0330979824066
158.0,610.0000157356262,338.3105013370514
159.0,721.999979019165,339.14247965812683
159.0,746.0000126361847,340.71138072013855
159.0,618.9999980926514,339.9138140678406
160.0,664.9999778270721,339.9819598197937
160.0,613.999997138977,339.701632976532
160.0,573.9999895095825,340.34800124168396
161.0,551.0000238418579,340.5878665447235
161.0,659.9999768733978,340.60243463516235
161.0,627.0000092983246,341.41631174087524
161.0,652.9999852180481,342.06243801116943
162.0,748.0000033378601,342.73116660118103
162.0,677.9999899864197,343.2673304080963
162.0,620.0000176429749,342.0646643638611
163.0,667.0000169277191,343.3070659637451
163.0,727.9999995231628,346.1678807735443
163.0,528.0000097751617,345.45322155952454
164.0,582.0000007152557,345.83838057518005
164.0,568.9999885559082,345.8559010028839
164.0,694.999983549118,346.82218647003174
164.0,618.9999980926514,348.6172559261322
165.0,617.000007390976,349.00749683380127
165.0,634.0000009536743,349.5116205215454
165.0,655.999995470047,348.74260926246643
166.0,620.9999887943268,348.61991786956787
166.0,622.0000083446503,349.48350071907043
166.0,566.9999978542328,351.0681314468384
167.0,691.0000021457672,352.04327392578125
167.0,776.0000183582306,351.06324315071106
167.0,773.0000081062317,352.81818985939026
167.0,734.9999911785126,354.14935517311096
168.0,711.0000059604645,354.01712918281555
168.0,662.9999871253967,354.74843764305115
168.0,580.9999811649323,355.04681730270386
169.0,744.9999930858612,355.9481997489929
169.0,714.0000162124634,356.8081042766571
169.0,528.9999809265137,357.73784852027893
170.0,639.0000019073486,357.77095341682434
170.0,734.0000200271606,357.85976552963257
170.0,679.0000095367432,358.69101786613464
170.0,759.9999959468842,360.4600486755371
171.0,618.9999980926514,361.49268913269043
171.0,615.9999878406525,360.554475069046
171.0,639.0000019073486,362.05566596984863
172.0,647.9999842643738,361.62046241760254
172.0,657.0000150203705,362.3103897571564
172.0,655.999995470047,362.7783110141754
173.0,613.999997138977,362.5979280471802
173.0,696.0000030994415,364.17873525619507
173.0,662.9999871253967,364.985933303833
173.0,662.9999871253967,364.63392758369446
174.0,749.0000228881836,364.91623878479004
174.0,694.999983549118,366.55754470825195
174.0,681.0000002384186,366.4534869194031
175.0,625.0000185966492,366.4694585800171
175.0,679.9999806880951,367.9011001586914
175.0,632.9999814033508,368.4703688621521
176.0,642.0000121593475,368.20891761779785
176.0,664.9999778270721,368.12610697746277
176.0,640.0000214576721,368.2543158531189
176.0,677.0000188350677,370.1568794250488
177.0,714.9999873638153,369.50707483291626
177.0,642.0000121593475,368.6456699371338
177.0,719.0000171661377,369.39633798599243
178.0,793.000011920929,368.9671359062195
178.0,573.0000183582306,369.28076124191284
178.0,615.0000166893005,369.94682788848877
179.0,768.9999783039093,370.40990924835205
179.0,682.0000197887421,370.9359576702118
179.0,791.9999923706055,370.65350127220154
179.0,791.0000212192535,371.51814889907837
180.0,665.9999973773956,372.29161286354065
180.0,570.0000081062317,371.60734820365906
180.0,637.9999823570251,371.1782429218292
181.0,746.0000126361847,371.40581488609314
181.0,736.999981880188,371.71034121513367
181.0,694.0000123977661,372.78141045570374
182.0,733.0000004768372,372.4084963798523
182.0,706.9999761581421,371.5337333679199
182.0,687.0000207424164,372.8044967651367
182.0,704.9999854564667,373.69460225105286
183.0,748.0000033378601,372.92404222488403
183.0,654.0000047683716,373.7492446899414
183.0,629.0,372.8155801296234
184.0,660.9999964237213,372.79941487312317
184.0,600.9999849796295,372.75503301620483
184.0,634.0000009536743,374.3732042312622
185.0,694.999983549118,373.6009986400604
185.0,724.000018119812,374.57686710357666
185.0,583.0000202655792,373.891295671463
185.0,555.0000052452087,373.16303634643555
186.0,672.9999890327454,373.4681918621063
186.0,741.9999828338623,373.3450164794922
186.0,662.0000159740448,373.41471099853516
187.0,719.9999883174896,372.2099153995514
187.0,810.9999766349792,372.2657194137573
187.0,714.9999873638153,372.9445149898529
188.0,665.9999973773956,372.87109375
188.0,650.9999945163727,371.8104302883148
188.0,687.0000207424164,370.56168842315674
188.0,771.9999885559082,370.5928089618683
189.0,768.9999783039093,371.8837547302246
189.0,746.9999837875366,372.2690589427948
189.0,729.0000190734863,371.92310309410095
190.0,722.9999985694885,370.97782278060913
190.0,679.0000095367432,372.255797624588
190.0,687.9999918937683,371.9360740184784
191.0,749.0000228881836,371.611510515213
191.0,758.9999763965607,371.59626483917236
191.0,733.0000004768372,371.4199957847595
191.0,709.999986410141,372.6729483604431
192.0,714.0000162124634,371.56843543052673
192.0,761.0000154972076,370.7429909706116
192.0,662.0000159740448,370.94079756736755
193.0,620.9999887943268,370.3525080680847
193.0,712.9999966621399,369.92993664741516
193.0,810.9999766349792,370.49257469177246
194.0,753.0000042915344,370.16505885124207
194.0,704.0000143051147,369.7807710170746
194.0,706.9999761581421,370.03046131134033
194.0,711.0000059604645,369.64172077178955
195.0,670.99999833107,367.8230810165405
195.0,644.000002861023,367.80149507522583
195.0,652.9999852180481,369.58281922340393
196.0,660.9999964237213,368.8387334346771
196.0,691.0000021457672,367.5976870059967
196.0,645.9999935626984,368.52046179771423
197.0,697.999993801117,368.40798258781433
197.0,697.999993801117,366.31143593788147
197.0,694.999983549118,366.54728412628174
197.0,714.0000162124634,365.28107023239136
198.0,654.9999759197235,364.52193236351013
198.0,689.0000114440918,363.9563419818878
198.0,682.0000197887421,364.9716556072235
199.0,608.9999961853027,364.23149013519287
199.0,645.9999935626984,364.1420488357544
199.0,650.9999945163727,365.0979769229889
200.0,639.0000019073486,363.81433939933777
200.0,669.0000076293945,362.79002356529236
200.0,790.00000166893,362.99707436561584
200.0,798.0000128746033,363.5736997127533
201.0,756.9999856948853,360.7792398929596
201.0,674.9999797344208,361.6030387878418
201.0,679.9999806880951,361.2676339149475
202.0,662.0000159740448,362.74733567237854
202.0,717.9999976158142,361.5585117340088
202.0,650.0000233650208,361.5515422821045
203.0,675.9999992847443,361.6483402252197
203.0,764.9999969005585,361.86540961265564
203.0,716.9999780654907,361.472603559494
203.0,662.0000159740448,361.65845561027527
204.0,687.9999918937683,361.22567200660706
204.0,709.0000152587891,363.12426686286926
204.0,667.999988079071,364.37000799179077
205.0,622.0000083446503,364.20685505867004
205.0,717.9999976158142,363.7348198890686
205.0,711.9999771118164,363.3727955818176
206.0,711.9999771118164,362.7208614349365
206.0,738.0000014305115,361.6148965358734
206.0,697.000022649765,364.0503327846527
206.0,650.9999945163727,363.64750814437866
207.0,654.9999759197235,361.15863943099976
207.0,699.9999845027924,362.7688248157501
207.0,701.0000040531158,364.02719807624817
208.0,743.0000023841858,363.1909122467041
208.0,659.0000057220459,364.33966183662415
208.0,623.9999990463257,362.4326455593109
209.0,692.0000216960907,362.64855337142944
209.0,749.0000228881836,363.2890169620514
209.0,704.9999854564667,363.79004311561584
209.0,612.9999775886536,364.0495584011078
210.0,652.9999852180481,364.27935671806335
210.0,677.0000188350677,363.87009501457214
210.0,704.9999854564667,364.92843532562256
211.0,711.0000059604645,364.6863920688629
211.0,687.9999918937683,364.72196531295776
211.0,691.0000021457672,365.8105549812317
212.0,645.9999935626984,365.0004529953003
212.0,613.999997138977,364.88163352012634
212.0,654.9999759197235,364.13788652420044
212.0,662.0000159740448,364.9187071323395
213.0,709.0000152587891,364.33564472198486
213.0,736.0000107288361,364.3702983856201
213.0,734.0000200271606,364.87180852890015
214.0,699.0000133514404,364.6572074890137
214.0,662.9999871253967,365.30972242355347
214.0,650.0000233650208,366.1729664802551
215.0,662.0000159740448,365.3379874229431
215.0,679.0000095367432,366.46699023246765
215.0,711.0000059604645,367.662202835083
215.0,806.0000240802765,364.8859894275665
216.0,739.9999921321869,365.7904210090637
216.0,682.0000197887421,368.0291154384613
216.0,739.9999921321869,366.9774057865143
217.0,803.0000138282776,368.26907753944397
217.0,733.0000004768372,368.04663586616516
217.0,578.9999904632568,366.2298352718353
218.0,595.9999840259552,364.95423197746277
218.0,734.0000200271606,365.74928188323975
218.0,682.0000197887421,367.26726722717285
218.0,726.9999799728394,366.9306523799896
219.0,773.9999792575836,366.2266893386841
219.0,724.000018119812,366.79997515678406
219.0,712.9999966621399,366.24512934684753
220.0,761.0000154972076,366.1491057872772
220.0,702.9999947547913,366.32343888282776
220.0,714.0000162124634,366.7970712184906
221.0,682.0000197887421,365.4159097671509
221.0,590.9999830722809,365.17648005485535
221.0,654.0000047683716,365.6705367565155
221.0,706.0000050067902,364.95069885253906
222.0,625.0000185966492,365.21336007118225
222.0,640.0000214576721,365.78170919418335
222.0,662.9999871253967,365.95918822288513
223.0,699.0000133514404,364.17863845825195
223.0,832.0,363.95837473869324
223.0,763.000006198883,365.60892486572266
224.0,623.9999990463257,366.4042167663574
224.0,573.9999895095825,365.2427866458893
224.0,640.0000214576721,365.7454583644867
224.0,684.0000104904175,366.5752103328705
225.0,704.0000143051147,365.0504491329193
225.0,696.0000030994415,363.98315501213074
225.0,686.0000011920929,363.68337178230286
226.0,640.0000214576721,363.95518040657043
226.0,650.9999945163727,364.7268536090851
226.0,697.999993801117,364.4205849170685
227.0,650.0000233650208,363.78263807296753
227.0,634.0000009536743,363.3241546154022
227.0,613.999997138977,362.98395824432373
227.0,563.9999876022339,362.35002851486206
228.0,630.9999907016754,362.4427125453949
228.0,659.0000057220459,362.9416091442108
228.0,652.9999852180481,362.76340413093567
229.0,694.0000123977661,362.39276480674744
229.0,613.999997138977,361.84634041786194
229.0,689.9999825954437,361.7262625694275
230.0,561.9999969005585,362.0415334701538
230.0,555.0000052452087,360.37743163108826
230.0,565.9999783039093,359.55169677734375
230.0,602.000004529953,360.55157113075256
231.0,625.0000185966492,361.64955019950867
231.0,578.0000193119049,360.4470293521881
231.0,632.0000102519989,359.40025639533997
232.0,627.0000092983246,359.1210427284241
232.0,654.9999759197235,359.02356719970703
232.0,553.0000145435333,358.36248564720154
233.0,524.9999995231628,357.9065189361572
233.0,620.0000176429749,358.13375210762024
233.0,675.9999992847443,358.2273073196411
233.0,738.0000014305115,358.464075088501
234.0,637.9999823570251,358.0027844905853
234.0,615.9999878406525,358.7519037723541
234.0,706.9999761581421,358.5783450603485
235.0,670.99999833107,358.51402282714844
235.0,719.0000171661377,358.5058434009552
235.0,625.0000185966492,357.44847106933594
236.0,697.999993801117,357.68949794769287
236.0,603.9999952316284,357.39179587364197
236.0,553.0000145435333,356.30915927886963
236.0,531.9999911785126,356.8408703804016
237.0,603.9999952316284,356.72572922706604
237.0,669.9999787807465,356.60318303108215
237.0,573.0000183582306,356.732843875885
238.0,556.9999959468842,358.1524341106415
238.0,605.9999859333038,357.55911111831665
238.0,717.9999976158142,356.4364969730377
239.0,689.9999825954437,354.8899562358856
239.0,687.0000207424164,354.4915359020233
239.0,622.0000083446503,353.86559200286865
239.0,610.0000157356262,354.25307416915894
240.0,687.9999918937683,352.9791648387909
240.0,640.999992609024,352.9608700275421
240.0,630.9999907016754,353.618079662323
241.0,639.0000019073486,352.26881313323975
241.0,518.999979019165,350.89733147621155
241.0,546.9999940395355,350.73437213897705
242.0,704.9999854564667,350.4209887981415
242.0,600.9999849796295,349.1282522678375
242.0,576.9999997615814,348.12547397613525
242.0,558.0000154972076,349.07864332199097
243.0,585.0000109672546,348.4181909561157
243.0,667.0000169277191,347.92505383491516
243.0,593.9999933242798,347.73392629623413
244.0,545.0000033378601,346.71357917785645
244.0,558.9999866485596,345.7262885570526
244.0,647.0000131130219,345.2460255622864
245.0,672.9999890327454,345.68558502197266
245.0,555.9999763965607,345.1199462413788
245.0,607.0000054836273,345.60441994667053
245.0,538.9999828338623,344.1896696090698
246.0,496.99998450279236,343.7415919303894
246.0,483.0000011920929,344.807240486145
246.0,630.9999907016754,345.3774287700653
247.0,667.0000169277191,344.5322859287262
247.0,681.0000002384186,343.2977249622345
247.0,622.0000083446503,343.9652919769287
248.0,585.0000109672546,344.19925260543823
248.0,573.9999895095825,344.49622869491577
248.0,640.999992609024,344.56340646743774
248.0,667.0000169277191,344.1620337963104
249.0,540.0000023841858,344.1798446178436
249.0,523.0000088214874,343.5788745880127
249.0,612.9999775886536,343.47946310043335
250.0,580.0000100135803,344.37760281562805
250.0,607.9999766349792,344.47672390937805
250.0,560.000006198883,345.3607795238495
251.0,622.9999794960022,345.63341093063354
251.0,630.9999907016754,345.78175377845764
251.0,575.9999802112579,345.1869304180145
251.0,513.9999780654907,344.5913326740265
252.0,489.9999928474426,344.65884923934937
252.0,536.9999921321869,345.1565842628479
252.0,545.0000033378601,345.4920859336853
253.0,513.0000069141388,345.95850682258606
253.0,560.999977350235,347.03218960762024
253.0,580.0000100135803,346.066823720932
254.0,538.9999828338623,345.151211977005
254.0,535.0000014305115,345.8842144012451
254.0,600.0000138282776,346.5737545490265
254.0,548.000013589859,345.5479383468628
255.0,486.0000114440918,343.40570306777954
255.0,469.00001788139343,343.97995686531067
255.0,635.0000205039978,345.9496982097626
256.0,637.0000112056732,345.2480583190918
256.0,494.000022649765,345.8483991622925
256.0,483.0000011920929,346.405326128006
257.0,592.0000026226044,345.6444458961487
257.0,548.9999847412109,345.25323700904846
257.0,483.0000011920929,346.03275084495544
257.0,494.000022649765,345.0429434776306
258.0,618.9999980926514,345.2157278060913
258.0,618.9999980926514,344.67361092567444
258.0,524.9999995231628,343.36243438720703
259.0,508.9999771118164,344.3697621822357
259.0,553.0000145435333,344.96821546554565
259.0,588.0000212192535,343.62286925315857
260.0,531.0000200271606,343.67426896095276
260.0,543.9999837875366,343.910117149353
260.0,558.0000154972076,344.181006193161
260.0,548.9999847412109,345.46338534355164
261.0,513.0000069141388,344.1497404575348
261.0,508.9999771118164,342.154492855072
261.0,585.9999821186066,341.4820375442505
262.0,580.9999811649323,342.29901218414307
262.0,513.9999780654907,342.93865299224854
262.0,496.99998450279236,343.02485156059265
263.0,496.99998450279236,342.67120027542114
263.0,546.0000228881836,342.2084093093872
263.0,481.9999816417694,341.56576776504517
263.0,469.99998903274536,341.5049786567688
264.0,548.000013589859,341.96065497398376
264.0,664.9999778270721,341.1375820636749
264.0,575.9999802112579,340.9005722999573
265.0,513.9999780654907,340.5434846878052
265.0,491.0000123977661,339.850314617157
265.0,583.9999914169312,340.6595938205719
266.0,607.0000054836273,340.69274711608887
266.0,571.9999988079071,340.3341591358185
266.0,481.0000104904175,340.42214846611023
266.0,488.0000021457672,338.865008354187
267.0,655.999995470047,339.32731533050537
267.0,466.99997878074646,337.077876329422
267.0,442.00002241134644,336.5964033603668
268.0,489.0000216960907,336.5459716320038
268.0,627.0000092983246,336.6195864677429
268.0,499.00002360343933,336.4742443561554
269.0,441.00000286102295,335.24500727653503
269.0,436.00000190734863,335.4480893611908
269.0,518.0000078678131,334.78545904159546
269.0,610.9999868869781,334.66634917259216
270.0,504.9999957084656,332.73189067840576
270.0,489.9999928474426,331.9111409187317
270.0,543.0000126361847,332.8126685619354
271.0,582.0000007152557,333.02939915657043
271.0,528.9999809265137,333.3440408706665
271.0,486.9999825954437,331.31176805496216
272.0,543.0000126361847,330.37558674812317
272.0,568.0000174045563,331.54543828964233
272.0,561.9999969005585,330.6030135154724
272.0,516.9999883174896,330.90981459617615
273.0,501.9999854564667,329.2766396999359
273.0,536.9999921321869,330.0207738876343
273.0,538.9999828338623,328.54939675331116
274.0,563.000016450882,327.7155792713165
274.0,484.0000207424164,327.6113278865814
274.0,504.9999957084656,328.6626019477844
275.0,444.9999842643738,329.80201053619385
275.0,471.9999797344208,328.53376388549805
275.0,597.0000035762787,328.50007820129395
275.0,568.9999885559082,329.5386233329773
276.0,513.9999780654907,331.41742300987244
276.0,452.999995470047,331.46591877937317
276.0,469.00001788139343,331.64659214019775
277.0,503.9999761581421,331.08729362487793
277.0,516.9999883174896,331.36340975761414
277.0,501.9999854564667,332.70735239982605
278.0,610.9999868869781,332.3110132217407
278.0,563.9999876022339,332.450692653656
278.0,481.9999816417694,332.9290680885315
278.0,447.00002336502075,331.70665526390076
279.0,454.9999861717224,332.74834632873535
279.0,536.9999921321869,335.27332067489624
279.0,524.9999995231628,334.30001735687256
280.0,545.0000033378601,334.44540786743164
280.0,533.999981880188,334.64558601379395
280.0,538.0000116825104,335.56531167030334
281.0,605.0000147819519,337.2443687915802
281.0,563.000016450882,336.6517233848572
281.0,503.9999761581421,336.5129635334015
281.0,499.99999475479126,337.1830472946167
282.0,494.99999380111694,338.78045535087585
282.0,503.00000500679016,339.2674458026886
282.0,528.9999809265137,337.7589466571808
283.0,536.9999921321869,338.7446885108948
283.0,459.99998712539673,338.2128322124481
283.0,432.0000205039978,338.2468566894531
284.0,464.99998807907104,338.5085983276367
284.0,533.999981880188,340.922158241272
284.0,523.9999799728394,341.49050736427307
284.0,476.9999806880951,341.7064151763916
285.0,424.0000092983246,340.88174510002136
285.0,410.00000178813934,340.6020474433899
285.0,479.00001978874207,340.65175318717957
286.0,439.00001215934753,341.82900977134705
286.0,439.99998331069946,342.26339054107666
286.0,464.99998807907104,340.7546010017395
287.0,493.0000030994415,340.9186735153198
287.0,508.9999771118164,342.5281813144684
287.0,462.99999737739563,342.40945863723755
287.0,471.9999797344208,343.1705324649811
288.0,489.0000216960907,342.7852282524109
288.0,454.9999861717224,344.1381731033325
288.0,449.00001406669617,344.5381906032562
289.0,449.00001406669617,344.016788482666
289.0,422.9999897480011,343.4083650112152
289.0,385.99999237060547,343.2503423690796
290.0,368.0000034570694,344.04277873039246
290.0,389.9999979734421,344.47077083587646
290.0,496.99998450279236,344.1064233779907
290.0,530.0000004768372,344.93051266670227
291.0,467.99999833106995,345.29437613487244
291.0,452.999995470047,344.55348467826843
291.0,439.00001215934753,344.52996277809143
292.0,434.99998235702515,345.3686201572418
292.0,498.00000405311584,344.53577065467834
292.0,436.00000190734863,343.5310080051422
293.0,409.00000643730164,343.18277740478516
293.0,424.0000092983246,345.14898562431335
293.0,496.00001335144043,344.8141131401062
293.0,474.00001883506775,342.4005048274994
294.0,432.0000205039978,341.81289291381836
294.0,415.99999809265137,342.9993453025818
294.0,464.0000169277191,341.95552468299866
295.0,481.9999816417694,340.73717737197876
295.0,442.99999356269836,340.4272303581238
295.0,437.99999260902405,341.8193299770355
296.0,533.999981880188,341.55560398101807
296.0,474.00001883506775,339.7289299964905
296.0,421.9999943971634,339.1124722957611
296.0,391.9999886751175,339.17650413513184
297.0,491.0000123977661,338.98053669929504
297.0,506.999986410141,337.43467354774475
297.0,456.9999768733978,336.63541293144226
298.0,427.0000195503235,336.0127601623535
298.0,466.99997878074646,335.0678186416626
298.0,543.9999837875366,333.9415261745453
299.0,449.9999852180481,333.2275445461273
299.0,426.0,333.30996799468994
299.0,459.0000159740448,332.45190262794495
299.0,580.0000100135803,330.76936078071594
300.0,513.0000069141388,329.98273229599
300.0,451.9999759197235,329.322909116745
300.0,474.00001883506775,329.3335084915161
301.0,446.00000381469727,327.7031891345978
301.0,484.0000207424164,327.1688160896301
301.0,548.000013589859,327.6772472858429
302.0,538.9999828338623,328.61187982559204
302.0,489.9999928474426,326.5947074890137
302.0,484.0000207424164,325.26780128479004
302.0,461.0000066757202,324.44274401664734
303.0,389.9999979734421,325.20885133743286
303.0,388.00000727176666,324.89048290252686
303.0,420.9999990463257,324.08405923843384
304.0,494.000022649765,322.16533041000366
304.0,541.0000219345093,321.7801229953766
304.0,479.00001978874207,323.6458549499512
305.0,454.0000150203705,320.5391249656677
305.0,425.0000046491623,319.9322018623352
305.0,384.00000166893005,320.4356963634491
305.0,389.00000262260437,321.9458894729614
306.0,420.9999990463257,319.9087767601013
306.0,496.99998450279236,319.11953473091125
306.0,518.0000078678131,319.09785199165344
307.0,467.99999833106995,320.17860102653503
307.0,493.0000030994415,321.3200423717499
307.0,503.9999761581421,319.7319269180298
308.0,546.0000228881836,319.66252279281616
308.0,570.0000081062317,320.5002121925354
308.0,578.9999904632568,320.97132778167725
308.0,528.0000097751617,320.2427296638489
309.0,526.0000190734863,319.92542600631714
309.0,523.0000088214874,320.9027464389801
309.0,531.0000200271606,321.5855107307434
310.0,587.00000166893,321.5341110229492
310.0,496.00001335144043,321.15461468696594
310.0,442.99999356269836,320.9727313518524
311.0,431.0000009536743,321.692666053772
311.0,437.99999260902405,321.8331198692322
311.0,432.0000205039978,322.05047965049744
311.0,444.9999842643738,321.129447221756
312.0,459.0000159740448,321.750648021698
312.0,479.999990940094,321.16376209259033
312.0,464.0000169277191,321.8217945098877
313.0,493.0000030994415,323.7181146144867
313.0,472.99999928474426,323.4660527706146
313.0,436.00000190734863,322.81077909469604
314.0,536.9999921321869,321.9103162288666
314.0,613.999997138977,322.57531809806824
314.0,565.0000071525574,323.32637333869934
314.0,471.9999797344208,323.9141788482666
315.0,454.9999861717224,323.93682956695557
315.0,494.000022649765,325.75222659111023
315.0,491.0000123977661,325.230388879776
316.0,504.9999957084656,324.4673306941986
316.0,494.99999380111694,324.55202889442444
316.0,481.9999816417694,325.16727662086487
317.0,543.9999837875366,326.9936602115631
317.0,541.0000219345093,327.21721506118774
317.0,489.0000216960907,327.9590744972229
317.0,511.0000162124634,328.22967314720154
318.0,551.0000238418579,328.801700592041
318.0,501.9999854564667,329.8796908855438
318.0,474.00001883506775,329.4422125816345
319.0,432.0000205039978,329.03517723083496
319.0,471.9999797344208,329.4296772480011
319.0,602.000004529953,329.734929561615
320.0,570.0000081062317,330.10726284980774
320.0,526.9999902248383,330.67730593681335
320.0,523.9999799728394,331.25146293640137
320.0,560.999977350235,330.46899676322937
321.0,464.0000169277191,330.5660367012024
321.0,410.99999713897705,331.24986577033997
321.0,429.99998140335083,332.50727105140686
322.0,483.0000011920929,332.8114585876465
322.0,524.9999995231628,332.559445142746
322.0,548.000013589859,332.2244758605957
323.0,519.9999985694885,332.3448441028595
323.0,489.9999928474426,333.7167613506317
323.0,506.00001525878906,333.53642678260803
323.0,509.9999966621399,333.6868507862091
324.0,476.00000953674316,334.2282416820526
324.0,508.9999771118164,334.8518624305725
324.0,583.9999914169312,335.346209526062
325.0,496.99998450279236,334.89043641090393
325.0,459.0000159740448,335.2485888004303
325.0,566.9999978542328,335.848929643631
326.0,580.0000100135803,335.81514716148376
326.0,471.00000858306885,336.0772759914398
326.0,469.99998903274536,336.2447364330292
326.0,494.000022649765,336.23162031173706
327.0,511.9999873638153,336.0671122074127
327.0,593.0000221729279,336.49931502342224
327.0,486.9999825954437,337.29102540016174
328.0,432.99999165534973,339.28520822525024
328.0,513.9999780654907,339.78250765800476
328.0,608.9999961853027,339.2421815395355
329.0,550.0000042915344,339.2525873184204
329.0,481.9999816417694,339.20467233657837
329.0,535.0000014305115,339.3495304584503
329.0,612.9999775886536,340.406418800354
330.0,659.0000057220459,339.8288254737854
330.0,573.9999895095825,339.87161016464233
330.0,511.9999873638153,340.4603352546692
331.0,603.0000240802765,341.54466581344604
331.0,558.9999866485596,341.39095067977905
331.0,672.0000178813934,340.9873516559601
332.0,743.0000023841858,340.949068069458
332.0,573.9999895095825,341.7574760913849
332.0,484.9999918937683,342.1815962791443
332.0,454.9999861717224,341.8561131954193
333.0,508.0000059604645,341.83104252815247
333.0,664.0000066757202,343.38581109046936
333.0,754.9999949932098,342.6552770137787
334.0,620.0000176429749,342.16872215270996
334.0,528.9999809265137,341.8696165084839
334.0,523.0000088214874,343.2457444667816
335.0,530.0000004768372,343.5479476451874
335.0,632.0000102519989,343.0009424686432
335.0,555.9999763965607,342.5562527179718
335.0,511.9999873638153,343.3221664428711
336.0,558.0000154972076,344.55595302581787
336.0,523.0000088214874,343.5325083732605
336.0,501.00001430511475,343.58748960494995
337.0,555.9999763965607,344.1506116390228
337.0,578.0000193119049,345.75934505462646
337.0,583.0000202655792,345.0137588977814
338.0,716.0000069141388,344.2791109085083
338.0,711.0000059604645,344.7140724658966
338.0,622.9999794960022,344.44589376449585
338.0,540.0000023841858,345.21112990379333
339.0,509.9999966621399,346.4243469238281
339.0,553.0000145435333,346.5536205768585
339.0,566.9999978542328,346.3803038597107
340.0,587.00000166893,346.7904851436615
340.0,565.0000071525574,346.83278584480286
340.0,620.0000176429749,346.31753039360046
341.0,563.9999876022339,346.7790629863739
341.0,521.9999892711639,347.76780557632446
341.0,524.9999995231628,349.4479274749756
341.0,593.9999933242798,350.4770348072052
342.0,744.9999930858612,350.0064516067505
342.0,669.0000076293945,350.01893854141235
342.0,498.00000405311584,349.8301341533661
343.0,489.0000216960907,349.7559869289398
343.0,565.0000071525574,350.38197922706604
343.0,654.0000047683716,351.134583234787
344.0,620.0000176429749,352.6470994949341
344.0,597.0000035762787,353.0321133136749
344.0,575.9999802112579,352.73586320877075
344.0,662.9999871253967,353.40449500083923
345.0,635.9999916553497,353.82643723487854
345.0,583.9999914169312,354.6410403251648
345.0,518.0000078678131,355.0955550670624
346.0,526.0000190734863,355.5588300228119
346.0,640.0000214576721,355.1506814956665
346.0,615.9999878406525,355.46832394599915
347.0,675.9999992847443,355.6665177345276
347.0,541.0000219345093,355.9880805015564
347.0,521.000018119812,356.93936228752136
347.0,610.9999868869781,355.9326636791229
348.0,662.0000159740448,355.39979100227356
348.0,543.9999837875366,355.5807547569275
348.0,670.99999833107,356.00894045829773
349.0,771.9999885559082,356.18946862220764
349.0,655.999995470047,356.6219618320465
349.0,560.000006198883,357.10372519493103
350.0,545.0000033378601,357.51961755752563
350.0,603.0000240802765,357.51710081100464
350.0,654.9999759197235,358.05244183540344
350.0,662.0000159740448,357.92989563941956
351.0,694.0000123977661,357.6663148403168
351.0,758.0000052452087,359.0038688182831
351.0,681.0000002384186,360.03186297416687
352.0,541.9999930858612,359.24165296554565
352.0,573.9999895095825,358.1178288459778
352.0,598.9999942779541,358.12949299812317
353.0,717.9999976158142,358.8087725639343
353.0,761.0000154972076,358.7912037372589
353.0,582.0000007152557,359.19218921661377
353.0,613.999997138977,358.92478489875793
354.0,684.0000104904175,358.731237411499
354.0,766.9999876022339,359.59612703323364
354.0,615.9999878406525,359.6024672985077
355.0,588.0000212192535,358.91481471061707
355.0,623.9999990463257,359.22122859954834
355.0,645.9999935626984,359.9852547645569
356.0,617.000007390976,359.3789608478546
356.0,645.9999935626984,359.090744972229
356.0,587.00000166893,358.6120307445526
356.0,664.0000066757202,359.32683515548706
357.0,612.0000064373016,361.0287365913391
357.0,598.0000231266022,360.5862247943878
357.0,583.0000202655792,359.91188192367554
358.0,617.9999785423279,360.0356864929199
358.0,674.9999797344208,360.56449365615845
358.0,602.000004529953,359.35732650756836
359.0,608.9999961853027,358.78442788124084
359.0,627.9999804496765,359.4333612918854
359.0,630.9999907016754,360.306672334671
359.0,518.999979019165,361.00197196006775
360.0,506.00001525878906,361.3595435619354
360.0,587.00000166893,361.06910133361816
360.0,684.0000104904175,360.8076500892639
361.0,620.0000176429749,361.4002470970154
361.0,536.9999921321869,361.73328042030334
361.0,598.0000231266022,361.4303512573242
362.0,635.0000205039978,362.09937024116516
362.0,461.0000066757202,363.3309304714203
362.0,546.9999940395355,362.3985242843628
362.0,679.0000095367432,361.9238271713257
363.0,590.9999830722809,363.2367944717407
363.0,571.9999988079071,363.6780962944031
363.0,657.0000150203705,362.27225136756897
364.0,669.9999787807465,362.41594791412354
364.0,654.9999759197235,362.9307677745819
364.0,555.0000052452087,363.1768765449524
365.0,536.9999921321869,364.2200195789337
365.0,531.0000200271606,362.77395510673523
365.0,543.0000126361847,362.33323407173157
365.0,533.999981880188,363.29966473579407
366.0,533.999981880188,364.56931495666504
366.0,625.9999897480011,363.95092129707336
366.0,674.9999797344208,363.0237421989441
367.0,563.000016450882,363.7029733657837
367.0,585.9999821186066,364.72448205947876
367.0,639.0000019073486,365.1093990802765
368.0,669.9999787807465,363.66135025024414
368.0,598.9999942779541,362.8025104999542
368.0,551.9999949932098,363.8185501098633
368.0,595.0000128746033,363.20204401016235
369.0,667.0000169277191,364.3273684978485
369.0,556.9999959468842,364.969961643219
369.0,585.9999821186066,362.6290969848633
370.0,620.0000176429749,361.28346037864685
370.0,531.9999911785126,360.86916518211365
370.0,650.9999945163727,361.7471225261688
371.0,675.9999992847443,363.4919538497925
371.0,566.9999978542328,364.40737199783325
371.0,526.0000190734863,362.2975640296936
371.0,595.0000128746033,361.05279088020325
372.0,734.9999911785126,360.97089982032776
372.0,630.9999907016754,360.80658531188965
372.0,637.9999823570251,361.8043301105499
373.0,598.9999942779541,360.34055161476135
373.0,583.9999914169312,359.47425842285156
373.0,491.0000123977661,359.6321358680725
374.0,462.99999737739563,358.69934248924255
374.0,583.0000202655792,358.115505695343
374.0,692.0000216960907,358.7000684738159
374.0,565.9999783039093,358.80669140815735
375.0,608.9999961853027,358.51973390579224
375.0,724.000018119812,359.87359833717346
375.0,644.000002861023,359.2577214241028
376.0,526.0000190734863,357.4992415904999
376.0,561.9999969005585,355.94277906417847
376.0,612.9999775886536,355.2366864681244
377.0,652.0000140666962,355.46537160873413
377.0,563.9999876022339,355.4746642112732
377.0,494.99999380111694,355.3723487854004
377.0,575.9999802112579,354.63015055656433
378.0,598.9999942779541,354.93641924858093
378.0,727.9999995231628,353.72363781929016
378.0,741.9999828338623,353.0715100765228
379.0,617.000007390976,352.8796081542969
379.0,587.00000166893,353.51968455314636
379.0,672.0000178813934,355.22027921676636
380.0,664.9999778270721,353.8016085624695
380.0,617.000007390976,351.2297840118408
380.0,556.9999959468842,351.0431091785431
380.0,692.0000216960907,351.98437237739563
381.0,576.9999997615814,353.1351547241211
381.0,548.9999847412109,352.7305393218994
381.0,526.0000190734863,352.29165744781494
382.0,682.0000197887421,351.9323434829712
382.0,771.9999885559082,352.97955203056335
382.0,743.0000023841858,352.42456102371216
383.0,595.9999840259552,351.6259779930115
383.0,605.0000147819519,350.90313935279846
383.0,630.0000195503235,351.1613962650299
383.0,645.9999935626984,352.79123163223267
384.0,686.0000011920929,352.36348152160645
384.0,699.0000133514404,353.2451171875
384.0,768.9999783039093,351.47163367271423
385.0,674.0000085830688,351.42546105384827
385.0,560.999977350235,352.8559410572052
385.0,499.00002360343933,353.8471519947052
386.0,573.0000183582306,352.3087422847748
386.0,709.0000152587891,354.011611700058
386.0,684.0000104904175,355.34955286979675
386.0,642.0000121593475,353.75950145721436
387.0,561.9999969005585,352.4944975376129
387.0,553.9999856948853,352.40554022789
387.0,706.9999761581421,353.1809401512146
388.0,639.0000019073486,354.09979462623596
388.0,558.0000154972076,354.32877016067505
388.0,538.0000116825104,354.674387216568
389.0,615.0000166893005,355.5096082687378
389.0,712.9999966621399,354.55977845191956
389.0,630.0000195503235,352.6219320297241
389.0,501.00001430511475,353.3494653701782
390.0,501.9999854564667,353.8596873283386
390.0,583.9999914169312,355.48613476753235
390.0,548.9999847412109,356.0378346443176
391.0,483.0000011920929,353.7440621852875
391.0,481.0000104904175,354.29474568367004
391.0,504.9999957084656,355.4695339202881
392.0,590.9999830722809,356.7210829257965
392.0,610.9999868869781,354.896151304245
392.0,620.0000176429749,354.8066132068634
392.0,590.9999830722809,355.4070508480072
393.0,588.0000212192535,356.00410056114197
393.0,684.0000104904175,355.68287658691406
393.0,766.000016450882,356.0351243019104
394.0,640.0000214576721,355.39674186706543
394.0,597.0000035762787,356.65855145454407
394.0,587.00000166893,356.0014386177063
395.0,501.00001430511475,355.85396695137024
395.0,655.999995470047,355.63597798347473
395.0,660.9999964237213,356.2182660102844
395.0,563.000016450882,356.99453711509705
396.0,506.00001525878906,355.79811453819275
396.0,565.0000071525574,355.8847002983093
396.0,655.999995470047,356.1988580226898
397.0,538.9999828338623,356.11236906051636
397.0,523.9999799728394,354.7553586959839
397.0,568.0000174045563,354.7672164440155
398.0,637.9999823570251,355.7293395996094
398.0,541.9999930858612,356.9570279121399
398.0,575.000009059906,355.93798756599426
398.0,593.9999933242798,354.6896812915802
399.0,587.00000166893,355.45017433166504
399.0,506.00001525878906,355.96988248825073
399.0,571.9999988079071,353.7191367149353
400.0,749.9999940395355,354.9878673553467
400.0,592.0000026226044,356.68904280662537
400.0,499.00002360343933,355.4021625518799
401.0,519.9999985694885,354.9687497615814
401.0,573.0000183582306,356.01107001304626
401.0,610.9999868869781,356.0052137374878
401.0,506.999986410141,355.5937740802765
402.0,545.0000033378601,354.3483717441559
402.0,580.9999811649323,354.05928468704224
402.0,528.0000097751617,353.84903955459595
403.0,498.00000405311584,353.72959089279175
403.0,447.9999945163727,353.58981466293335
403.0,623.9999990463257,353.56527638435364
404.0,637.0000112056732,354.4045629501343
404.0,560.999977350235,354.77733182907104
404.0,518.999979019165,352.93454098701477
404.0,498.00000405311584,353.0917408466339
405.0,508.0000059604645,353.563050031662
405.0,657.0000150203705,353.5823612213135
405.0,541.9999930858612,352.17666149139404
406.0,481.0000104904175,351.37764286994934
406.0,516.0000171661377,351.5303900241852
406.0,608.9999961853027,352.23178791999817
407.0,508.0000059604645,350.36426520347595
407.0,536.000020980835,350.47708320617676
407.0,484.9999918937683,350.73267817497253
407.0,484.9999918937683,349.3162338733673
408.0,570.0000081062317,350.4712269306183
408.0,519.9999985694885,350.4663870334625
408.0,434.99998235702515,348.76908349990845
409.0,469.00001788139343,348.10916352272034
409.0,531.9999911785126,348.82996940612793
409.0,545.0000033378601,350.4265546798706
410.0,580.0000100135803,348.72683119773865
410.0,548.9999847412109,348.62635493278503
410.0,590.9999830722809,347.88885140419006
410.0,548.000013589859,347.57914638519287
411.0,570.0000081062317,346.15723299980164
411.0,550.0000042915344,345.9822223186493
411.0,476.00000953674316,347.7839708328247
412.0,479.999990940094,349.22713136672974
412.0,476.9999806880951,347.49991726875305
412.0,451.9999759197235,348.0145435333252
413.0,558.9999866485596,349.32818841934204
413.0,499.00002360343933,348.4781572818756
413.0,419.00000834465027,346.9238727092743
413.0,436.00000190734863,347.3683204650879
414.0,511.9999873638153,347.9867625236511
414.0,637.0000112056732,348.5720512866974
414.0,634.0000009536743,347.405394077301
415.0,536.000020980835,346.5612676143646
415.0,503.00000500679016,347.8638291358948
415.0,506.999986410141,348.2702353000641
416.0,518.999979019165,349.88908410072327
416.0,508.9999771118164,349.7656183242798
416.0,501.9999854564667,347.8331925868988
416.0,472.99999928474426,347.1775801181793
417.0,420.9999990463257,347.99770069122314
417.0,459.0000159740448,347.5917785167694
417.0,578.9999904632568,346.7467324733734
418.0,484.9999918937683,345.74908447265625
418.0,474.9999899864197,347.39876341819763
418.0,580.9999811649323,345.4778082370758
419.0,521.000018119812,345.05504322052
419.0,471.00000858306885,344.56684279441833
419.0,441.00000286102295,346.31375527381897
419.0,553.9999856948853,347.0899295806885
420.0,519.9999985694885,346.30475306510925
420.0,484.9999918937683,343.8534903526306
420.0,538.9999828338623,343.79715394973755
421.0,632.0000102519989,344.0266134738922
421.0,627.0000092983246,343.86418652534485
421.0,617.9999785423279,344.02530670166016
422.0,575.9999802112579,343.81680393218994
422.0,607.9999766349792,344.2414565086365
422.0,488.0000021457672,342.74312114715576
422.0,444.9999842643738,340.928062915802
423.0,479.00001978874207,339.79939889907837
423.0,568.0000174045563,340.7364513874054
423.0,543.9999837875366,342.23691630363464
424.0,479.00001978874207,341.4907009601593
424.0,588.0000212192535,340.46256160736084
424.0,593.9999933242798,338.9062442779541
425.0,568.0000174045563,338.33145809173584
425.0,583.0000202655792,339.83995723724365
425.0,563.9999876022339,338.3698868751526
425.0,622.0000083446503,336.87319707870483
426.0,530.0000004768372,336.12156105041504
426.0,469.99998903274536,336.75636196136475
426.0,466.99997878074646,337.5211625099182
427.0,503.9999761581421,335.7580363750458
427.0,691.0000021457672,333.65732741355896
427.0,528.9999809265137,333.4134449958801
428.0,550.0000042915344,334.2050585746765
428.0,479.00001978874207,333.4452431201935
428.0,446.00000381469727,332.29247641563416
428.0,598.0000231266022,332.12791991233826
429.0,580.9999811649323,332.38690280914307
429.0,578.0000193119049,333.4113154411316
429.0,541.0000219345093,333.5427670478821
430.0,582.0000007152557,333.6052017211914
430.0,593.0000221729279,333.2255117893219
430.0,523.0000088214874,333.15760803222656
431.0,600.9999849796295,334.2899503707886
431.0,664.9999778270721,335.21209597587585
431.0,595.9999840259552,333.2871720790863
431.0,506.00001525878906,332.7664475440979
432.0,501.00001430511475,332.63577032089233
432.0,555.9999763965607,331.67345356941223
432.0,697.999993801117,333.7878110408783
433.0,629.0,334.0595712661743
433.0,533.999981880188,332.78648471832275
433.0,541.0000219345093,332.5538308620453
434.0,652.0000140666962,333.7327814102173
434.0,618.9999980926514,335.30870032310486
434.0,526.9999902248383,333.7752273082733
434.0,538.0000116825104,334.02457880973816
435.0,498.00000405311584,335.08945298194885
435.0,605.0000147819519,336.27546977996826
435.0,607.9999766349792,335.2096276283264
436.0,558.0000154972076,336.08681058883667
436.0,571.9999988079071,336.50797843933105
436.0,503.9999761581421,336.9091091156006
437.0,523.9999799728394,336.4622414112091
437.0,556.9999959468842,337.80923318862915
437.0,530.0000004768372,340.66273975372314
437.0,610.9999868869781,338.7672908306122
438.0,571.9999988079071,337.9700629711151
438.0,501.9999854564667,338.6794466972351
438.0,526.9999902248383,339.75980854034424
439.0,612.0000064373016,340.9730739593506
439.0,602.000004529953,340.06752920150757
439.0,538.0000116825104,340.9272885322571
440.0,498.00000405311584,342.02110528945923
440.0,598.0000231266022,341.61135959625244
440.0,536.000020980835,341.97231912612915
440.0,573.0000183582306,341.9103684425354
441.0,620.9999887943268,344.71857357025146
441.0,647.9999842643738,345.187753200531
441.0,615.0000166893005,344.4933731555939
442.0,576.9999997615814,344.50890922546387
442.0,565.0000071525574,344.5936074256897
442.0,645.9999935626984,345.18905997276306
443.0,696.0000030994415,347.59928035736084
443.0,704.0000143051147,346.29415369033813
443.0,570.0000081062317,345.9354205131531
443.0,546.9999940395355,346.606520652771
444.0,640.999992609024,347.96241784095764
444.0,691.0000021457672,346.773690700531
444.0,731.0000097751617,347.33047246932983
445.0,612.0000064373016,346.91341853141785
445.0,632.0000102519989,347.3284397125244
445.0,724.000018119812,348.5586931705475
446.0,632.0000102519989,348.1957492828369
446.0,613.999997138977,347.25782561302185
446.0,627.0000092983246,348.00418615341187
446.0,508.9999771118164,349.18875098228455
447.0,565.0000071525574,349.4218888282776
447.0,519.9999985694885,349.9747018814087
447.0,496.00001335144043,349.57623314857483
448.0,484.0000207424164,350.20290303230286
448.0,486.0000114440918,349.78667187690735
448.0,486.9999825954437,349.939661026001
449.0,503.9999761581421,349.8285369873047
449.0,514.9999976158142,348.78873348236084
449.0,687.0000207424164,348.85973477363586
449.0,583.0000202655792,349.0316963195801
450.0,499.00002360343933,348.61628794670105
450.0,563.000016450882,350.18359184265137
450.0,563.9999876022339,349.4221308231354
451.0,545.0000033378601,348.70263171195984
451.0,483.0000011920929,349.2759659290314
451.0,452.999995470047,350.534387588501
452.0,498.00000405311584,352.4618282318115
452.0,506.999986410141,352.72569942474365
452.0,491.99998354911804,351.7904860973358
452.0,518.0000078678131,351.64291763305664
453.0,518.999979019165,352.06553745269775
453.0,489.9999928474426,352.62919187545776
453.0,548.9999847412109,352.65319776535034
454.0,499.00002360343933,352.92461919784546
454.0,456.9999768733978,353.04793977737427
454.0,449.00001406669617,352.74079990386963
455.0,595.9999840259552,353.5045356750488
455.0,553.0000145435333,355.2888605594635
455.0,493.0000030994415,354.0752079486847
455.0,449.00001406669617,353.8282279968262
456.0,422.9999897480011,355.2247803211212
456.0,451.9999759197235,354.36018109321594
456.0,536.000020980835,353.7643897533417
457.0,550.0000042915344,353.20441365242004
457.0,447.9999945163727,354.7619409561157
457.0,410.00000178813934,354.3615846633911
458.0,449.9999852180481,353.72557377815247
458.0,632.9999814033508,354.3026831150055
458.0,553.0000145435333,355.28353667259216
458.0,479.999990940094,354.61427569389343
459.0,461.99997782707214,354.1777653694153
459.0,499.99999475479126,353.1496260166168
459.0,503.9999761581421,353.2838363647461
460.0,528.0000097751617,351.3020920753479
460.0,489.0000216960907,350.6910066604614
460.0,491.0000123977661,350.84331822395325
461.0,563.9999876022339,351.7061266899109
461.0,541.9999930858612,351.2174906730652
461.0,513.0000069141388,350.2078881263733
461.0,558.0000154972076,351.363897562027
462.0,479.999990940094,351.1577663421631
462.0,506.999986410141,350.2847456932068
462.0,523.9999799728394,350.2315068244934
463.0,429.0000102519989,349.59118843078613
463.0,403.0000101327896,350.2188262939453
463.0,437.0000214576721,348.63216280937195
464.0,506.00001525878906,347.59274649620056
464.0,484.9999918937683,347.543137550354
464.0,466.00000762939453,347.84926104545593
464.0,474.00001883506775,350.0867455005646
465.0,489.0000216960907,347.5715961456299
465.0,513.0000069141388,347.6646673679352
465.0,488.0000021457672,346.54456996917725
466.0,478.0000002384186,345.95361852645874
466.0,451.0000047683716,347.9847297668457
466.0,454.9999861717224,347.45456743240356
467.0,447.9999945163727,347.31067728996277
467.0,486.9999825954437,346.5997931957245
467.0,598.0000231266022,346.91990399360657
467.0,514.9999976158142,346.7411665916443
468.0,447.9999945163727,345.54556679725647
468.0,447.9999945163727,346.2537405490875
468.0,494.99999380111694,346.8509838581085
469.0,506.00001525878906,345.6816647052765
469.0,472.99999928474426,344.22403287887573
469.0,488.0000021457672,344.01093220710754
470.0,474.00001883506775,344.425420999527
470.0,456.9999768733978,346.03981709480286
470.0,571.9999988079071,344.7878324985504
470.0,551.9999949932098,342.8877372741699
471.0,456.9999768733978,342.6463232040405
471.0,494.000022649765,343.343074798584
471.0,511.9999873638153,342.39324498176575
472.0,514.9999976158142,340.4869546890259
472.0,454.9999861717224,340.23905515670776
472.0,434.99998235702515,339.23797082901
473.0,454.9999861717224,340.2517840862274
473.0,426.0,339.7328019142151
473.0,432.0000205039978,338.47375106811523
473.0,479.999990940094,338.1722254753113
474.0,494.99999380111694,336.60758352279663
474.0,464.99998807907104,336.4796166419983
474.0,451.0000047683716,336.4424946308136
475.0,479.00001978874207,335.7488889694214
475.0,478.0000002384186,336.49345874786377
475.0,466.99997878074646,335.62445521354675
476.0,399.000004529953,334.5529019832611
476.0,389.00000262260437,334.5990262031555
476.0,471.00000858306885,335.5763466358185
476.0,504.9999957084656,335.10465025901794
477.0,496.99998450279236,333.9287004470825
477.0,486.9999825954437,333.13273096084595
477.0,454.9999861717224,334.22582173347473
478.0,416.9999934434891,333.26805448532104
478.0,434.0000112056732,333.7141478061676
478.0,447.00002336502075,334.0495526790619
479.0,479.00001978874207,333.9743890762329
479.0,476.9999806880951,333.1539297103882
479.0,427.9999907016754,332.3182246685028
479.0,476.9999806880951,331.92556381225586
480.0,424.0000092983246,332.58470940589905
480.0,442.99999356269836,332.69912457466125
480.0,489.0000216960907,332.30960965156555
481.0,436.00000190734863,329.98757219314575
481.0,414.00000739097595,329.2198677062988
481.0,414.00000739097595,330.01486921310425
482.0,489.0000216960907,330.29074335098267
482.0,506.999986410141,330.35424280166626
482.0,523.9999799728394,328.20852279663086
482.0,456.0000057220459,328.3176624774933
483.0,454.0000150203705,329.3570303916931
483.0,476.9999806880951,327.73735880851746
483.0,449.00001406669617,327.0535297393799
484.0,429.0000102519989,327.1270477771759
484.0,456.9999768733978,325.20541501045227
484.0,442.00002241134644,326.070837020874
485.0,446.00000381469727,325.3306231498718
485.0,476.00000953674316,325.0582821369171
485.0,541.0000219345093,324.88501381874084
485.0,447.9999945163727,324.9130368232727
486.0,421.9999943971634,324.99875140190125
486.0,420.000003695488,325.31552267074585
486.0,446.00000381469727,325.51705598831177
487.0,493.0000030994415,327.80463337898254
487.0,494.99999380111694,326.109894990921
487.0,501.9999854564667,324.94531893730164
488.0,454.9999861717224,325.83900594711304
488.0,425.0000046491623,325.7574052810669
488.0,427.0000195503235,325.3804740905762
488.0,459.99998712539673,324.5447690486908
489.0,459.99998712539673,323.9866805076599
489.0,427.0000195503235,324.8045263290405
489.0,422.9999897480011,324.8895149230957
490.0,434.0000112056732,324.616738319397
490.0,484.0000207424164,325.14457750320435
490.0,424.0000092983246,325.20222067832947
491.0,398.0000091791153,324.5954427719116
491.0,403.0000101327896,325.6121599674225
491.0,408.0000110864639,325.13484930992126
491.0,444.9999842643738,324.7125198841095
492.0,501.00001430511475,324.6001374721527
492.0,491.99998354911804,326.8651125431061
492.0,426.0,326.18467140197754
493.0,420.000003695488,325.2596218585968
493.0,496.99998450279236,325.08688592910767
493.0,452.999995470047,325.03587341308594
494.0,411.99999248981476,325.6955029964447
494.0,396.9999896287918,327.0626287460327
494.0,427.0000195503235,327.50441455841064
494.0,464.99998807907104,326.34419441223145
495.0,408.0000110864639,326.237135887146
495.0,451.0000047683716,327.1025094985962
495.0,466.00000762939453,329.8577661514282
496.0,424.0000092983246,328.7970542907715
496.0,375.99999046325684,327.93894052505493
496.0,391.9999886751175,327.9541862010956
497.0,478.0000002384186,328.68142914772034
497.0,451.9999759197235,328.8545038700104
497.0,429.99998140335083,329.27170300483704
497.0,414.00000739097595,328.6632311344147
498.0,410.99999713897705,328.69856238365173
498.0,447.00002336502075,329.5571117401123
498.0,491.99998354911804,328.97283935546875
499.0,493.0000030994415,328.540878534317
499.0,454.0000150203705,328.8078956604004
499.0,459.99998712539673,327.5658812522888
500.0,447.9999945163727,327.85612988471985
500.0,403.0000101327896,328.2391109466553
500.0,419.00000834465027,326.85944986343384
500.0,506.999986410141,326.3530514240265
501.0,553.0000145435333,326.7266914844513
501.0,501.9999854564667,327.5756094455719
501.0,417.9999887943268,326.9643304347992
502.0,361.00001180171967,326.57452511787415
502.0,354.99999129772186,326.357262134552
502.0,441.00000286102295,326.26975679397583
503.0,528.9999809265137,326.17392683029175
503.0,509.9999966621399,325.55054807662964
503.0,469.00001788139343,325.30293893814087
503.0,400.9999952316284,324.6711871623993
504.0,429.0000102519989,324.7361869812012
504.0,461.0000066757202,324.4401788711548
504.0,462.99999737739563,324.86226630210876
505.0,454.9999861717224,326.3338854312897
505.0,483.0000011920929,324.977552652359
505.0,434.99998235702515,323.8155417442322
506.0,421.9999943971634,323.77561259269714
506.0,447.9999945163727,324.09180307388306
506.0,478.0000002384186,324.25272965431213
506.0,476.9999806880951,323.7464280128479
507.0,513.0000069141388,323.7413945198059
507.0,471.9999797344208,323.50472354888916
507.0,449.9999852180481,323.16418838500977
508.0,508.0000059604645,324.51214814186096
508.0,536.000020980835,324.00081300735474
508.0,464.0000169277191,322.494056224823
509.0,401.9999905824661,322.97727155685425
509.0,491.0000123977661,322.9037535190582
509.0,459.0000159740448,322.89891362190247
509.0,410.99999713897705,321.73496675491333
510.0,384.99999701976776,321.1647300720215
510.0,368.0000034570694,321.34269309043884
510.0,389.00000262260437,320.99804401397705
511.0,518.999979019165,321.15287232398987
511.0,499.99999475479126,321.59301257133484
511.0,476.00000953674316,321.6927628517151
512.0,442.00002241134644,321.29550409317017
512.0,444.00001311302185,320.9825563430786
512.0,496.00001335144043,321.1958990097046
512.0,434.99998235702515,320.93536734580994
513.0,389.00000262260437,320.8784501552582
513.0,416.9999934434891,319.9841823577881
513.0,444.00001311302185,319.76590299606323
514.0,442.99999356269836,320.9428207874298
514.0,439.00001215934753,321.18655800819397
514.0,511.0000162124634,321.00467467308044
515.0,456.0000057220459,320.77923226356506
515.0,414.00000739097595,320.27476978302
515.0,426.0,319.83932423591614
515.0,508.9999771118164,320.2917094230652
516.0,504.9999957084656,320.62096762657166
516.0,442.99999356269836,321.3021831512451
516.0,447.9999945163727,321.2300202846527
517.0,403.0000101327896,320.5416901111603
517.0,469.99998903274536,321.1679244041443
517.0,518.999979019165,320.7526128292084
518.0,444.00001311302185,321.04804015159607
518.0,434.0000112056732,321.4420077800751
518.0,538.0000116825104,320.7083761692047
518.0,491.99998354911804,320.54972434043884
519.0,426.0,320.6592028141022
519.0,405.99999618530273,321.8708710670471
519.0,416.9999934434891,322.08919882774353
520.0,538.0000116825104,322.2911193370819
520.0,476.00000953674316,321.4915199279785
520.0,442.00002241134644,321.5811548233032
521.0,391.9999886751175,321.85562539100647
521.0,380.99999141693115,321.5725882053375
521.0,406.99999153614044,321.388623714447
521.0,415.99999809265137,321.95077776908875
522.0,437.99999260902405,321.6626102924347
522.0,449.00001406669617,322.09558749198914
522.0,514.9999976158142,322.4924590587616
523.0,540.0000023841858,323.25832438468933
523.0,434.0000112056732,321.81739020347595
523.0,398.0000091791153,321.813227891922
524.0,447.00002336502075,322.1215777397156
524.0,461.99997782707214,322.47619700431824
524.0,456.0000057220459,323.3701260089874
524.0,466.00000762939453,323.4368197917938
525.0,476.9999806880951,323.7448308467865
525.0,476.00000953674316,323.17493295669556
525.0,563.000016450882,323.00548815727234
526.0,464.0000169277191,323.4810080528259
526.0,434.0000112056732,324.35790061950684
526.0,486.9999825954437,324.66358852386475
527.0,528.9999809265137,324.5430750846863
527.0,461.0000066757202,324.649117231369
527.0,451.0000047683716,325.09627532958984
527.0,466.00000762939453,326.0969240665436
528.0,548.000013589859,325.48017597198486
528.0,496.00001335144043,325.4454255104065
528.0,528.9999809265137,325.71563696861267
529.0,494.000022649765,325.9679892063141
529.0,516.9999883174896,326.8126964569092
529.0,481.9999816417694,327.5862572193146
530.0,447.9999945163727,327.4182159900665
530.0,483.0000011920929,326.78191471099854
530.0,521.9999892711639,326.89105439186096
530.0,474.9999899864197,328.11971068382263
531.0,442.00002241134644,327.7993094921112
531.0,432.0000205039978,327.3457627296448
531.0,437.99999260902405,327.3407292366028
532.0,478.0000002384186,327.87040758132935
532.0,431.0000009536743,328.574031829834
532.0,469.00001788139343,327.94019889831543
533.0,578.0000193119049,328.72174549102783
533.0,533.999981880188,329.1234085559845
533.0,459.99998712539673,328.83180475234985
533.0,439.00001215934753,328.40207028388977
534.0,474.9999899864197,328.90387082099915
534.0,464.0000169277191,330.3050694465637
534.0,528.9999809265137,330.25671887397766
535.0,523.0000088214874,330.2856614589691
535.0,462.99999737739563,330.23469734191895
535.0,464.99998807907104,330.4526379108429
536.0,451.9999759197235,331.3608446121216
536.0,404.0000054836273,332.21629643440247
536.0,474.9999899864197,332.55339527130127
536.0,607.0000054836273,332.23710799217224
537.0,513.9999780654907,332.61452317237854
537.0,508.9999771118164,332.66156697273254
537.0,575.000009059906,332.3361322879791
538.0,563.000016450882,332.8071994781494
538.0,479.00001978874207,334.1845374107361
538.0,511.9999873638153,334.90379452705383
539.0,456.9999768733978,334.3973960876465
539.0,413.00001204013824,333.4468402862549
539.0,427.9999907016754,333.02581763267517
539.0,493.0000030994415,333.3916654586792
540.0,590.000011920929,334.78545904159546
540.0,595.9999840259552,336.196724653244
540.0,511.0000162124634,336.0984263420105
541.0,425.0000046491623,335.6279399394989
541.0,516.0000171661377,334.93346309661865
541.0,592.0000026226044,335.54406452178955
542.0,536.9999921321869,336.1096065044403
542.0,503.00000500679016,336.3919177055359
542.0,501.9999854564667,336.53609824180603
542.0,499.00002360343933,337.0821838378906
543.0,526.9999902248383,336.8528211116791
543.0,538.9999828338623,337.0511600971222
543.0,513.0000069141388,337.6042151451111
544.0,472.99999928474426,338.09062480926514
544.0,491.99998354911804,338.33029651641846
544.0,513.0000069141388,339.04563331604004
545.0,472.99999928474426,338.63588762283325
545.0,519.9999985694885,338.504629611969
545.0,516.9999883174896,339.5722141265869
545.0,437.99999260902405,340.1126854419708
546.0,421.9999943971634,339.43751978874207
546.0,469.00001788139343,339.0084629058838
546.0,526.9999902248383,340.4735481739044
547.0,479.00001978874207,340.0344727039337
547.0,442.99999356269836,339.3365595340729
547.0,491.0000123977661,339.3347203731537
548.0,513.9999780654907,339.5427875518799
548.0,546.0000228881836,340.30541014671326
548.0,501.00001430511475,342.2630033493042
548.0,434.99998235702515,342.2108292579651
549.0,523.9999799728394,341.9897427558899
549.0,563.000016450882,342.03693175315857
549.0,466.99997878074646,342.34436202049255
550.0,449.00001406669617,343.40589666366577
550.0,501.00001430511475,342.91280794143677
550.0,484.9999918937683,342.81702637672424
551.0,553.0000145435333,343.80059027671814
551.0,531.0000200271606,344.55198431015015
551.0,531.0000200271606,344.9950284957886
551.0,528.9999809265137,345.385995388031
552.0,484.0000207424164,346.7563154697418
552.0,503.00000500679016,346.42855763435364
552.0,521.9999892711639,346.168461561203
553.0,538.9999828338623,346.68889570236206
553.0,546.0000228881836,348.105920791626
553.0,489.9999928474426,348.2501013278961
554.0,503.00000500679016,347.52469754219055
554.0,457.9999964237213,347.824964761734
554.0,416.9999934434891,347.391503572464
554.0,439.00001215934753,348.3084704875946
555.0,481.0000104904175,348.97816705703735
555.0,612.9999775886536,347.93991231918335
555.0,513.9999780654907,347.88691544532776
556.0,533.0000107288361,349.3502583503723
556.0,466.99997878074646,348.74348044395447
556.0,451.9999759197235,347.7942314147949
557.0,518.999979019165,347.61651039123535
557.0,472.99999928474426,347.9060814380646
557.0,499.99999475479126,349.4979236125946
557.0,541.9999930858612,348.50801944732666
558.0,491.99998354911804,347.68707609176636
558.0,466.99997878074646,346.9620110988617
558.0,439.99998331069946,346.75307273864746
559.0,399.000004529953,346.8437240123749
559.0,417.9999887943268,347.01195883750916
559.0,481.9999816417694,347.1634476184845
560.0,494.99999380111694,346.9987459182739
560.0,472.99999928474426,347.66079545021057
560.0,516.9999883174896,347.8069603443146
560.0,459.0000159740448,346.07810068130493
561.0,442.99999356269836,345.565749168396
561.0,469.99998903274536,346.2921693325043
561.0,474.9999899864197,346.3724148273468
562.0,461.0000066757202,346.0694856643677
562.0,459.99998712539673,345.9894337654114
562.0,563.9999876022339,345.8642256259918
563.0,623.9999990463257,345.45138239860535
563.0,526.9999902248383,346.2900881767273
563.0,464.99998807907104,344.7100553512573
563.0,456.0000057220459,344.04268193244934
564.0,518.0000078678131,344.42750215530396
564.0,511.0000162124634,344.7198803424835
564.0,432.0000205039978,343.46484661102295
565.0,409.00000643730164,343.0060727596283
565.0,474.00001883506775,342.955011844635
565.0,519.9999985694885,343.7855381965637
566.0,461.0000066757202,342.8389995098114
566.0,471.00000858306885,342.8049750328064
566.0,499.00002360343933,342.088960647583
566.0,533.999981880188,342.1114661693573
567.0,464.99998807907104,341.230895280838
567.0,568.9999885559082,340.4368133544922
567.0,593.0000221729279,340.5106701850891
568.0,446.00000381469727,340.62653732299805
568.0,471.9999797344208,339.63590717315674
568.0,489.9999928474426,338.9991703033447
569.0,451.9999759197235,338.6023471355438
569.0,538.0000116825104,338.3415250778198
569.0,489.0000216960907,338.7340407371521
569.0,467.99999833106995,337.6091034412384
570.0,449.9999852180481,337.6870741844177
570.0,419.00000834465027,338.7968626022339
570.0,439.00001215934753,337.80076336860657
571.0,521.000018119812,336.42632937431335
571.0,563.000016450882,335.8738067150116
571.0,481.9999816417694,336.01856803894043
572.0,498.00000405311584,335.60228848457336
572.0,489.0000216960907,336.04262232780457
572.0,452.999995470047,335.5078136920929
572.0,454.9999861717224,334.22911286354065
573.0,421.9999943971634,334.07268738746643
573.0,437.0000214576721,333.7171485424042
573.0,479.999990940094,333.0442576408386
574.0,503.00000500679016,333.996701002121
574.0,548.9999847412109,335.59531903266907
574.0,474.9999899864197,334.2459557056427
575.0,496.99998450279236,333.9620957374573
575.0,488.0000021457672,334.9197177886963
575.0,588.0000212192535,334.6248712539673
575.0,627.0000092983246,333.47520208358765
576.0,496.99998450279236,333.9722595214844
576.0,419.00000834465027,333.2186391353607
576.0,431.0000009536743,332.7742397785187
577.0,478.0000002384186,333.1545104980469
577.0,498.00000405311584,333.93257236480713
577.0,561.9999969005585,335.1537752151489
578.0,508.0000059604645,335.0597360134125
578.0,483.0000011920929,333.7881498336792
578.0,446.00000381469727,332.6828625202179
578.0,488.0000021457672,334.14175271987915
579.0,543.9999837875366,335.2537190914154
579.0,553.9999856948853,334.5962190628052
579.0,466.00000762939453,334.3121654987335
580.0,481.9999816417694,334.4483118057251
580.0,504.9999957084656,334.6088511943817
580.0,434.99998235702515,335.34170842170715
581.0,434.0000112056732,335.51289558410645
581.0,466.00000762939453,335.3754425048828
581.0,476.00000953674316,335.30357003211975
581.0,565.0000071525574,335.9058952331543
582.0,553.0000145435333,336.76889729499817
582.0,516.9999883174896,336.60492157936096
582.0,499.00002360343933,337.6733772754669
583.0,449.9999852180481,337.9393780231476
583.0,441.00000286102295,337.29959201812744
583.0,484.9999918937683,337.8354654312134
584.0,583.0000202655792,338.851989030838
584.0,494.000022649765,339.83618211746216
584.0,439.99998331069946,339.4219353199005
584.0,461.99997782707214,339.29537200927734
585.0,519.9999985694885,340.3153803348541
585.0,538.0000116825104,340.7626836299896
585.0,464.99998807907104,341.36810636520386
586.0,476.9999806880951,340.7909002304077
586.0,476.00000953674316,340.19762563705444
586.0,506.999986410141,341.6348330974579
587.0,563.000016450882,342.29286551475525
587.0,531.9999911785126,341.2333152294159
587.0,479.00001978874207,341.30426812171936
587.0,442.00002241134644,342.29901218414307
588.0,419.00000834465027,342.0741021633148
588.0,464.99998807907104,342.97950172424316
588.0,570.9999792575836,342.5739667415619
589.0,568.0000174045563,342.45693802833557
589.0,523.9999799728394,342.22743010520935
589.0,494.000022649765,341.58086824417114
590.0,476.9999806880951,341.8724720478058
590.0,486.9999825954437,342.1318905353546
590.0,493.0000030994415,342.1072554588318
590.0,580.0000100135803,341.9953570365906
591.0,479.00001978874207,341.08250403404236
591.0,408.0000110864639,341.178817987442
591.0,414.00000739097595,340.66264295578003
592.0,422.9999897480011,340.13151264190674
592.0,498.00000405311584,340.4564633369446
592.0,580.0000100135803,340.9078805446625
593.0,506.999986410141,342.574499130249
593.0,466.00000762939453,340.91693115234375
593.0,491.0000123977661,340.8679029941559
593.0,464.0000169277191,339.8970196247101
594.0,447.9999945163727,339.48596715927124
594.0,488.0000021457672,340.3233177661896
594.0,462.99999737739563,339.75124192237854
595.0,535.0000014305115,340.11471819877625
595.0,518.999979019165,340.4750485420227
595.0,447.00002336502075,339.6191611289978
596.0,432.99999165534973,339.1173605918884
596.0,457.9999964237213,338.75727224349976
596.0,464.0000169277191,338.2596824169159
596.0,462.99999737739563,338.7352023124695
597.0,503.9999761581421,339.50077724456787
597.0,513.0000069141388,339.652072429657
597.0,484.9999918937683,339.21256136894226
598.0,474.9999899864197,339.7124743461609
598.0,439.00001215934753,338.66202306747437
598.0,456.0000057220459,338.4727346897125
599.0,536.000020980835,338.92802381515503
599.0,454.9999861717224,338.86379837989807
599.0,411.99999248981476,338.50685596466064
599.0,481.9999816417694,338.3691608905792
600.0,518.999979019165,339.5020840167999
600.0,518.999979019165,339.850750207901
