time,true,pre
45.0,70.3000014461577,483.3314148783684
45.3,73.19999929890037,483.3314148783684
45.6,71.99999941140413,484.48493015766144
45.9,71.99999941140413,485.95803475379944
46.2,76.30000088363886,485.7556744813919
46.5,86.30000101774931,485.32348561286926
46.8,87.49999769032001,486.11651772260666
47.1,87.60000116378069,486.3807588815689
47.4,82.80000161379576,487.3917372226715
47.7,77.60000102967024,486.6085299253464
48.0,82.49999762326479,485.1604245901108
48.3,90.00000093877316,484.5662549138069
48.6,96.90000270307064,484.8086860179901
48.9,91.70000211894512,484.70503681898117
49.2,94.1999989375472,484.909300327301
49.5,96.79999922960997,485.79044711589813
49.8,95.99999716132879,487.3863875865936
50.1,86.99999961256981,489.5814872980118
50.4,91.70000211894512,488.568039894104
50.7,97.89999885857105,487.41241562366486
51.0,110.99999736249447,488.62719452381134
51.3,108.00000246614218,490.82059675455093
51.6,97.60000129789114,488.8269828557968
51.9,89.39999938756227,487.3822210431099
52.2,88.20000271499157,486.9027084708214
52.5,95.099998049438,486.7409334182739
52.8,110.99999736249447,486.5122364759445
53.1,113.0000025331974,488.61232870817184
53.4,101.99999981373549,491.82020711898804
53.7,111.99999994784594,492.0269911289215
54.0,123.99999882280827,492.1317205429077
54.3,133.99999895691872,494.8113223910332
54.6,159.0000057220459,497.05168825387955
54.9,150.00000174343586,496.25130039453506
55.2,130.00000147521496,496.581383228302
55.5,153.99999922513962,495.06172651052475
55.8,120.99999749660492,493.0791719555855
56.1,123.99999882280827,492.54976373910904
56.4,146.0000042617321,496.3931686282158
56.7,129.00000531971455,495.6239012479782
57.0,140.99999776482582,497.3776559829712
57.3,141.99999392032623,501.3810870051384
57.6,164.99999551475048,500.73156917095184
57.9,164.99999551475048,498.32685631513596
58.2,147.0000004172325,496.538123190403
58.5,139.000005453825,496.83847439289093
58.8,144.99999524652958,501.09436708688736
59.1,160.99999803304672,503.5111680626869
59.4,153.99999922513962,500.23122388124466
59.7,140.99999776482582,497.18517196178436
60.0,179.0000059902668,497.8288257718086
60.3,177.99999697506428,498.9385151863098
60.6,161.99999418854713,498.6979358792305
60.9,161.99999418854713,498.749066054821
61.2,146.0000042617321,500.3541111946106
61.5,137.99999643862247,504.17642617225647
61.8,157.00000055134296,504.7369034290314
62.1,191.9999945908785,504.9239863753319
62.4,187.99999710917473,503.29589664936066
62.7,180.0000021457672,501.43700098991394
63.0,173.0000033378601,503.37912464141846
63.3,183.00000347197056,506.3303748369217
63.6,174.99999564886093,508.5392601490021
63.9,171.99999432265759,507.0601886510849
64.2,210.99999870359898,508.0314562320709
64.5,187.99999710917473,509.17082583904266
64.8,211.9999948590994,509.06393599510193
65.1,220.99999883770943,506.1348044872284
65.4,217.00000135600567,507.8873246908188
65.7,223.00000400841236,510.26827281713486
66.0,221.99999499320984,514.5981859564781
66.3,291.0000126361847,513.8148243427277
66.6,265.0000097155571,510.5763912796974
66.9,280.0000034868717,507.97348469495773
67.2,309.99999102950096,507.713615834713
67.5,274.99999698996544,510.14965492486954
67.8,401.99999740719795,515.582724750042
68.1,335.99999395012856,516.3354802727699
68.4,298.0000114440918,513.2092352509499
68.7,322.99999248981476,516.5502887368202
69.0,273.0000046789646,520.3174098730087
69.3,315.99999368190765,523.2592982053757
69.6,271.0000123679638,529.5351414680481
69.9,267.99999818205833,527.7936806082726
70.2,287.0000022947788,523.0189246535301
70.5,294.0000011026859,529.3775329589844
70.8,286.0000061392784,521.2851281762123
71.1,249.99999022483826,522.5131782889366
71.4,251.0000120997429,528.5990580320358
71.7,245.0000094473362,524.575617313385
72.0,268.99999433755875,528.0865731835365
72.3,327.99999898672104,528.5700979828835
72.6,352.0000095963478,534.1071770787239
72.9,274.000000834465,534.3664801120758
73.2,301.99999606609344,530.8880850076675
73.5,285.000009983778,529.1482701897621
73.8,286.0000061392784,531.0901880860329
74.1,343.9999889135361,535.0151234865189
74.4,326.0000066757202,533.7270957231522
74.7,325.0000105202198,531.0368460416794
75.0,380.0000048279762,539.482841193676
75.3,327.0000028312206,539.4922544956207
75.6,453.0000070929527,536.8549353480339
75.9,450.9999890625477,537.2526087760925
76.2,400.0000050961971,534.0445246100426
76.5,421.99999767541885,532.5567085146904
76.8,421.00000151991844,537.55990421772
77.1,428.99999648332596,544.4954501986504
77.4,453.0000070929527,544.4553793668747
77.7,434.00000298023224,543.5515995025635
78.0,514.0000040531158,542.7814576625824
78.3,524.0000170469284,545.0945065617561
78.6,439.0000094771385,544.1512731313705
78.9,475.99999582767487,544.0324494838715
79.2,401.99999740719795,550.4360153079033
79.5,538.9999850988388,547.7003965973854
79.8,403.9999897181988,551.3045081496239
80.1,419.0000092089176,552.5370334386826
80.4,468.99999701976776,552.4933104515076
80.7,425.0000118613243,553.461594581604
81.0,599.9999820590019,553.6704361438751
81.3,531.9999862909317,557.0882363319397
81.6,427.00000417232513,556.9807806611061
81.9,414.99999886751175,557.8304468989372
82.2,540.9999774098396,557.9044159054756
82.5,463.9999905228615,558.5521333813667
82.8,484.9999869465828,554.3082259297371
83.1,474.00000351667404,558.6316577792168
83.4,489.0000230073929,560.2156130075455
83.7,658.9999867081642,560.3428726196289
84.0,564.0000175833702,561.3500444889069
84.3,709.0000002384186,561.5466950535774
84.6,735.0000031590462,562.3503749966621
84.9,783.0000243782997,562.8380149006844
85.2,552.999982714653,563.6238970160484
85.5,472.0000112056732,564.0431747436523
85.8,597.9999897480011,564.6430026888847
86.1,867.000010073185,564.3260881900787
86.4,773.0000113844872,564.9435596466064
86.7,601.0000039339066,565.2522953748703
87.0,601.9999743700027,566.7296693921089
87.3,564.9999880194664,566.5996835231781
87.6,599.0000116229057,565.9180164337158
87.9,663.9999932050705,568.7004444599152
88.2,686.9999819397926,568.9397377967834
88.5,686.0000115036964,569.7551457881927
88.8,578.9999856352806,570.0357959270477
89.1,519.9999809861183,568.8205026388168
89.4,545.9999839067459,569.7175440192223
89.7,550.9999904036522,569.9148632884026
90.0,674.9999766349792,566.5059620141983
90.3,576.9999933242798,570.0656304359436
90.6,482.0000241994858,560.6271749138832
90.9,510.9999898672104,561.0030897259712
91.2,507.99997568130493,565.7494514584541
91.5,439.0000094771385,564.2605037093163
91.8,472.0000112056732,564.4211985468864
92.1,611.9999873638153,563.9691542983055
92.4,634.0000056624413,562.0219382047653
92.7,693.9999807476997,563.9074277281761
93.0,743.9999942779541,556.6358320116997
93.3,700.9999795556068,555.8832822442055
93.6,656.9999943971634,564.2451749444008
93.9,639.9999825954437,560.7042302489281
94.2,627.0000068545341,567.9204778075218
94.5,597.0000193119049,555.1944651603699
94.8,703.0000233054161,568.2531325817108
95.1,641.9999749064445,567.1151003837585
95.4,604.9999885559082,562.5252669453621
95.7,622.0000003576279,566.9300749897957
96.0,587.0000063180923,550.5959385633469
96.3,536.999992787838,556.7119614481926
96.6,587.9999767541885,566.6289522051811
96.9,592.0000128149986,567.581547498703
97.2,606.999980866909,555.8086445331573
97.5,559.9999815225601,563.0415068268776
97.8,547.9999762177467,561.0520080327988
98.1,543.0000211596489,562.1363381147385
98.4,618.9999861717224,560.4593815207481
98.7,597.9999897480011,545.6184622645378
99.0,568.0000022053719,553.070402443409
99.3,562.0000252723694,541.2891663908958
99.6,583.0000216960907,539.1282220482826
99.9,521.000002861023,536.1457484960556
100.0,548.9999980926514,551.9249116182327
101.0,503.0000206232071,558.1997261047363
101.0,524.9999874830246,546.9784014821053
101.0,515.9999963641167,530.3057462573051
101.0,508.99999755620956,534.7535057067871
102.0,522.0000247359276,546.039283156395
102.0,503.0000206232071,545.9670116305351
102.0,463.0000200867653,548.7652313709259
103.0,406.0000077486038,545.7973150014877
103.0,382.99999329447746,540.7329585552216
103.0,369.99999183416367,538.4663074612617
104.0,387.00000363588333,537.7743011713028
104.0,423.9999899864197,543.907864689827
104.0,429.99999263882637,546.2876297235489
104.0,445.0000121295452,541.0304291844368
105.0,420.00000536441803,537.1280754208565
105.0,403.9999897181988,525.4176191687584
105.0,434.99999913573265,529.2310866713524
106.0,461.99999821186066,535.480130314827
106.0,446.0000082850456,532.4495614767075
106.0,428.99999648332596,531.8743212819099
107.0,426.0000080168247,534.4251203536987
107.0,415.99999502301216,532.2948335409164
107.0,399.0000089406967,523.7933359146118
107.0,402.99999356269836,521.1814275383949
108.0,394.00000244379044,515.3452317714691
108.0,376.99999064207077,511.98005348443985
108.0,362.99999302625656,514.5394942760468
109.0,354.99999806284904,517.7649647593498
109.0,346.0000069439411,518.5296026468277
109.0,335.99999395012856,518.7981132268906
110.0,325.0000105202198,520.8254195451736
110.0,312.000009059906,516.267272412777
110.0,295.99999341368675,519.8830091357231
110.0,283.99998810887337,521.4796183109283
111.0,271.0000123679638,518.4900462031364
111.0,254.00000056624413,519.454729616642
111.0,240.99999910593033,522.2561900019646
112.0,259.0000070631504,517.8383679389954
112.0,298.0000114440918,514.0260320901871
112.0,347.0000030994415,510.0029000043869
113.0,345.0000107884407,510.53878951072693
113.0,338.0000119805336,510.12892508506775
113.0,333.0000054836273,509.7258505821228
113.0,334.00000163912773,505.215027153492
114.0,359.0000084042549,504.46520364284515
114.0,378.0000125169754,507.00777250528336
114.0,336.99999010562897,509.4665475487709
115.0,321.99999633431435,512.332203567028
115.0,312.000009059906,518.6096928715706
115.0,302.99999222159386,518.2838280200958
116.0,296.99998956918716,519.0793806314468
116.0,293.0000049471855,516.4559499621391
116.0,291.0000126361847,515.2594832777977
116.0,287.99999845027924,513.7277898788452
117.0,283.99998810887337,511.2104774713516
117.0,281.99999579787254,511.7300608754158
117.0,332.0000093281269,513.4137045145035
118.0,358.0000122487545,514.123148560524
118.0,332.0000093281269,510.56317150592804
118.0,325.0000105202198,505.99041575193405
119.0,316.99998983740807,499.0363517999649
119.0,318.0000117123127,496.55545806884766
119.0,314.99999752640724,495.9326884150505
119.0,312.000009059906,494.86415004730225
120.0,315.99999368190765,494.6420372724533
120.0,327.0000028312206,494.93564999103546
120.0,307.99999871850014,493.0766000151634
121.0,294.0000011026859,494.57038301229477
121.0,312.000009059906,497.36608225107193
121.0,334.99999779462814,498.92941051721573
122.0,350.9999877214432,499.8570065498352
122.0,333.0000054836273,500.63337248563766
122.0,309.99999102950096,501.58421885967255
122.0,300.0000037550926,501.504282951355
123.0,330.9999874532223,502.29165679216385
123.0,334.00000163912773,503.8613120317459
123.0,313.0000052154064,504.6533668041229
124.0,332.0000093281269,504.11902046203613
124.0,346.0000069439411,504.5722478032112
124.0,350.9999877214432,505.8635162115097
125.0,346.0000069439411,506.37168020009995
125.0,307.99999871850014,506.0668538212776
125.0,302.99999222159386,504.7677152752876
125.0,300.0000037550926,500.5520477294922
126.0,294.99999725818634,497.4187555909157
126.0,294.0000011026859,493.99406260252
126.0,289.99999076128006,489.86949318647385
127.0,280.0000034868717,490.10420846939087
127.0,279.0000073313713,493.2905340194702
127.0,274.99999698996544,496.11256992816925
128.0,267.99999818205833,498.26039737463
128.0,258.00001090765,499.67748510837555
128.0,246.0000056028366,501.01247650384903
128.0,262.99999168515205,502.22303742170334
129.0,300.99999991059303,503.9956701993942
129.0,308.99999487400055,505.28987061977386
129.0,316.99998983740807,505.2069512605667
130.0,310.9999871850014,504.1458715200424
130.0,300.99999991059303,503.2321125268936
130.0,287.0000022947788,503.59820252656937
131.0,276.99998930096626,503.2725948691368
131.0,273.0000046789646,503.730966091156
131.0,273.0000046789646,503.68816900253296
131.0,272.0000085234642,502.9186444282532
132.0,265.0000097155571,501.24554574489594
132.0,258.00001090765,497.4441149234772
132.0,286.0000061392784,495.86314314603806
133.0,295.99999341368675,494.8990769982338
133.0,315.99999368190765,495.86314314603806
133.0,314.99999752640724,498.4837446808815
134.0,302.99999222159386,500.43353271484375
134.0,299.0000075995922,502.057661652565
134.0,292.0000087916851,502.51248359680176
134.0,300.99999991059303,503.2321125268936
135.0,305.0000102519989,504.85186916589737
135.0,321.00000017881393,506.32384210824966
135.0,322.99999248981476,506.69270980358124
136.0,314.00000137090683,507.617425262928
136.0,276.99998930096626,508.91250014305115
136.0,274.000000834465,510.0444111227989
137.0,289.99999076128006,510.78523284196854
137.0,279.0000073313713,513.4747109413147
137.0,281.99999579787254,516.594217479229
137.0,281.99999579787254,519.9494166374207
138.0,271.0000123679638,523.1247342824936
138.0,252.0000082552433,525.0469511151314
138.0,239.0000067949295,525.6185391545296
139.0,226.0000053346157,525.7183304429054
139.0,239.0000067949295,525.0462309718132
139.0,267.99999818205833,524.3208408951759
140.0,280.99999964237213,523.0164041519165
140.0,286.0000061392784,521.3884173035622
140.0,294.0000011026859,521.3961845636368
140.0,282.99999195337296,521.8877338171005
141.0,294.0000011026859,522.5242890715599
141.0,315.99999368190765,523.8411740064621
141.0,316.99998983740807,524.4702706336975
142.0,294.0000011026859,522.6342138051987
142.0,283.99998810887337,521.2685134410858
142.0,294.99999725818634,519.5582244992256
143.0,299.0000075995922,519.2082862854004
143.0,314.00000137090683,519.2385837435722
143.0,295.99999341368675,519.6901650428772
143.0,302.99999222159386,522.3220316767693
144.0,301.99999606609344,525.4112407565117
144.0,287.0000022947788,526.2884781956673
144.0,300.0000037550926,527.1311487555504
145.0,300.99999991059303,527.6165253520012
145.0,285.000009983778,526.7850684523582
145.0,274.000000834465,521.583473265171
146.0,256.99998903274536,516.8180277347565
146.0,230.99999897181988,516.563559949398
146.0,253.0000044107437,517.9176865816116
146.0,274.000000834465,517.8406312465668
147.0,282.99999195337296,515.8980446457863
147.0,281.99999579787254,509.02885472774506
147.0,281.99999579787254,507.74309027194977
148.0,309.99999102950096,509.08847230672836
148.0,319.0000078678131,510.5021136403084
148.0,307.0000025629997,511.23964327573776
149.0,309.99999102950096,512.9092955589294
149.0,349.99999156594276,515.5435798168182
149.0,343.9999889135361,518.7695132493973
149.0,343.9999889135361,521.2595116496086
150.0,327.99999898672104,523.4673681855202
150.0,312.000009059906,526.3956252336502
150.0,314.00000137090683,529.6909496188164
151.0,296.99998956918716,532.2371191978455
151.0,287.99999845027924,534.1893762946129
151.0,285.000009983778,535.2745293974876
152.0,280.0000034868717,537.0773567557335
152.0,274.99999698996544,537.9247596859932
152.0,288.99999460577965,539.4175653457642
152.0,302.99999222159386,539.4175653457642
153.0,292.0000087916851,535.6152600646019
153.0,285.000009983778,533.3343089818954
153.0,279.0000073313713,532.841628074646
154.0,272.0000085234642,532.9109161496162
154.0,267.0000020265579,534.8414660692215
154.0,266.0000058710575,537.6750242710114
155.0,271.0000123679638,539.5399382710457
155.0,269.99999049305916,541.3995026350021
155.0,272.0000085234642,540.4635735154152
155.0,273.0000046789646,533.4888826012611
156.0,281.99999579787254,530.6903027892113
156.0,280.0000034868717,528.9273919463158
156.0,278.0000111758709,528.9079995155334
157.0,300.99999991059303,529.2088136672974
157.0,294.0000011026859,530.402502655983
157.0,283.99998810887337,532.6224987506866
158.0,274.99999698996544,534.1448302865028
158.0,266.0000058710575,534.8185243606567
158.0,260.99999937415123,535.3347128033638
158.0,271.0000123679638,535.4951504468918
159.0,276.99998930096626,535.4038465619087
159.0,268.99999433755875,534.4656026959419
159.0,280.0000034868717,532.725376367569
160.0,312.000009059906,530.8019250035286
160.0,323.99998864531517,529.7954732775688
160.0,300.0000037550926,529.3250653743744
161.0,288.99999460577965,528.2087403535843
161.0,294.99999725818634,526.7959734797478
161.0,309.99999102950096,529.9481436610222
161.0,335.99999395012856,533.7623313069344
162.0,321.99999633431435,535.6849082112312
162.0,310.9999871850014,534.7823628783226
162.0,314.99999752640724,530.078592479229
163.0,314.99999752640724,523.6932359933853
163.0,307.0000025629997,517.5189843773842
163.0,293.0000049471855,515.1652473807335
164.0,289.99999076128006,513.9114264249802
164.0,287.0000022947788,513.5611281394958
164.0,286.0000061392784,514.2455214858055
164.0,302.99999222159386,515.6240301132202
165.0,295.99999341368675,517.554528594017
165.0,286.0000061392784,519.4218087792397
165.0,282.99999195337296,520.8845227360725
166.0,285.000009983778,522.6402321457863
166.0,283.99998810887337,524.2573654055595
166.0,283.99998810887337,526.2211962342262
167.0,313.0000052154064,528.7194248437881
167.0,315.99999368190765,530.7648376226425
167.0,307.99999871850014,533.0697591900826
167.0,279.0000073313713,536.0101557970047
168.0,255.99999287724495,537.7042415142059
168.0,265.0000097155571,540.0915166139603
168.0,265.0000097155571,542.5857844352722
169.0,249.99999022483826,544.544728577137
169.0,240.00000295042992,546.0723068714142
169.0,241.99999526143074,547.9423647522926
170.0,293.0000049471855,549.2293123006821
170.0,321.99999633431435,550.8235038518906
170.0,306.0000064074993,551.5374745130539
170.0,302.99999222159386,552.5761269330978
171.0,332.0000093281269,553.3988392353058
171.0,327.99999898672104,553.3293968439102
171.0,310.9999871850014,553.3712165951729
172.0,300.0000037550926,553.664469242096
172.0,288.99999460577965,552.4302464723587
172.0,265.0000097155571,550.807815015316
173.0,255.99999287724495,547.6984933614731
173.0,248.99999406933784,544.8784121274948
173.0,268.99999433755875,542.0446996092796
173.0,267.99999818205833,540.8368135094643
174.0,260.99999937415123,539.8900308012962
174.0,256.99998903274536,538.9240614175797
174.0,258.00001090765,539.3541412949562
175.0,269.99999049305916,539.338143825531
175.0,273.0000046789646,539.2267788052559
175.0,268.99999433755875,539.1339317560196
176.0,276.99998930096626,538.9491635560989
176.0,274.99999698996544,540.291099190712
176.0,273.0000046789646,541.7853965759277
176.0,263.99998784065247,542.7194738984108
177.0,265.0000097155571,544.066913485527
177.0,273.0000046789646,544.6201893091202
177.0,285.000009983778,545.2824639678001
178.0,296.99998956918716,547.0059212446213
178.0,289.99999076128006,548.3003788590431
178.0,294.99999725818634,547.5304427742958
179.0,320.0000040233135,546.249050617218
179.0,314.00000137090683,545.6279784440994
179.0,309.99999102950096,545.6073000431061
179.0,310.9999871850014,545.9488537311554
180.0,294.99999725818634,546.3949310779572
180.0,299.0000075995922,545.1142590641975
180.0,294.99999725818634,542.561505317688
181.0,292.0000087916851,540.0915166139603
181.0,276.99998930096626,539.4673066735268
181.0,266.0000058710575,540.141978085041
182.0,260.99999937415123,542.4230834841728
182.0,266.0000058710575,544.1483925580978
182.0,274.000000834465,544.6789838671684
182.0,268.99999433755875,544.7802668809891
183.0,256.99998903274536,544.4709138870239
183.0,252.0000082552433,546.0270921587944
183.0,249.99999022483826,546.685714662075
184.0,254.99999672174454,546.384180366993
184.0,256.99998903274536,546.2833088636398
184.0,261.99999552965164,547.6048232913017
185.0,263.99998784065247,550.9373893737793
185.0,263.99998784065247,551.3644858002663
185.0,262.99999168515205,552.1535056829453
185.0,280.99999964237213,552.5932560563087
186.0,334.99999779462814,552.7001459002495
186.0,338.0000119805336,553.3530072569847
186.0,330.9999874532223,554.1901224255562
187.0,328.99999514222145,554.6259634494781
187.0,305.0000102519989,555.6238763332367
187.0,287.0000022947788,556.0579684376717
188.0,280.0000034868717,555.9852339625359
188.0,272.0000085234642,556.7454995512962
188.0,262.99999168515205,557.6526743769646
188.0,259.0000070631504,557.6376028060913
189.0,246.0000056028366,556.7800149917603
189.0,228.99999380111694,553.0561538934708
189.0,231.9999951273203,544.4349067211151
190.0,234.99999645352364,540.2388888001442
190.0,234.00000029802322,539.840803861618
190.0,230.99999897181988,540.2940826416016
191.0,236.99998876452446,540.3907361626625
191.0,233.0000041425228,540.3865696191788
191.0,253.0000044107437,540.9719432592392
191.0,260.0000032186508,541.7306142449379
192.0,260.0000032186508,543.5510336756706
192.0,261.99999552965164,545.8494739532471
192.0,309.99999102950096,547.2113678455353
193.0,319.0000078678131,549.331212580204
193.0,316.99998983740807,550.2780981659889
193.0,310.9999871850014,551.4666432738304
194.0,303.99998837709427,551.9230598211288
194.0,306.0000064074993,552.4910471439362
194.0,307.99999871850014,552.5757668614388
194.0,321.00000017881393,552.4828169345856
195.0,315.99999368190765,552.464556157589
195.0,314.00000137090683,553.1120678782463
195.0,321.00000017881393,553.4999164938927
196.0,338.0000119805336,554.2026220560074
196.0,314.00000137090683,554.4404236674309
196.0,301.99999606609344,554.5767365098
197.0,298.0000114440918,555.3299035429955
197.0,312.000009059906,555.8736117482185
197.0,313.0000052154064,557.3923425674438
197.0,307.99999871850014,557.6526743769646
198.0,294.99999725818634,557.2219772338867
198.0,287.0000022947788,556.796886920929
198.0,281.99999579787254,555.6632784605026
199.0,275.99999314546585,554.5629509091377
199.0,273.0000046789646,551.9593756198883
199.0,294.99999725818634,549.4190700650215
200.0,289.99999076128006,547.3188235163689
200.0,276.99998930096626,545.2670323252678
200.0,282.99999195337296,545.3934689164162
200.0,309.99999102950096,547.2141455411911
201.0,309.99999102950096,547.8806896209717
201.0,289.99999076128006,548.9479420185089
201.0,269.99999049305916,550.2939927577972
202.0,260.99999937415123,551.1805406212807
202.0,256.99998903274536,552.5355417132378
202.0,242.99999141693115,553.5685873031616
203.0,243.99998757243156,552.8931957483292
203.0,242.99999141693115,551.5374745130539
203.0,240.00000295042992,547.7399016022682
203.0,267.99999818205833,541.4456432461739
204.0,266.0000058710575,537.5106258392334
204.0,249.99999022483826,536.0907089710236
204.0,242.99999141693115,536.2886455059052
205.0,236.99998876452446,535.8461174368858
205.0,230.99999897181988,531.8089425563812
205.0,228.99999380111694,526.0183730125427
206.0,231.9999951273203,521.7528098225594
206.0,255.99999287724495,519.2764427065849
206.0,273.0000046789646,521.0396107435226
206.0,272.0000085234642,518.5349008440971
207.0,288.99999460577965,516.5221517086029
207.0,286.0000061392784,515.060363650322
207.0,269.99999049305916,517.1933767199516
208.0,259.0000070631504,518.1360443234444
208.0,269.99999049305916,518.7561391592026
208.0,300.0000037550926,521.4438683390617
209.0,287.99999845027924,524.7825042009354
209.0,266.0000058710575,527.4681758284569
209.0,256.99998903274536,530.3419077396393
209.0,262.99999168515205,533.0353980660439
210.0,275.99999314546585,534.9510821700096
210.0,312.000009059906,536.8393493890762
210.0,299.0000075995922,538.6079185009003
211.0,294.99999725818634,539.7138528823853
211.0,276.99998930096626,542.5536351799965
211.0,269.99999049305916,544.0725717544556
212.0,269.99999049305916,546.4748669862747
212.0,265.0000097155571,548.2207001447678
212.0,265.0000097155571,550.4807156324387
212.0,266.0000058710575,552.5467039346695
213.0,260.0000032186508,554.6830090880394
213.0,254.00000056624413,556.146854698658
213.0,254.00000056624413,556.9784659147263
214.0,278.0000111758709,557.38256919384
214.0,282.99999195337296,557.788215637207
214.0,267.99999818205833,557.7049876451492
215.0,269.99999049305916,557.6915106773376
215.0,260.0000032186508,556.804705619812
215.0,260.0000032186508,557.0179194808006
215.0,262.99999168515205,557.0257896184921
216.0,266.0000058710575,556.6493089795113
216.0,273.0000046789646,556.1507126092911
216.0,262.99999168515205,555.1116486787796
217.0,256.99998903274536,554.2699040174484
217.0,251.0000120997429,553.5694617629051
217.0,245.0000094473362,552.2068991661072
218.0,247.00000175833702,551.0579105019569
218.0,246.0000056028366,550.4574652910233
218.0,242.99999141693115,549.5496217608452
218.0,283.99998810887337,550.8198002576828
219.0,315.99999368190765,550.2100446224213
219.0,360.0000045597553,549.821270108223
219.0,372.0000098645687,549.9914811253548
220.0,375.99999448657036,549.9986311197281
220.0,309.99999102950096,550.545579969883
220.0,272.0000085234642,551.3587760925293
221.0,260.0000032186508,552.2111171483994
221.0,251.0000120997429,555.0693145394325
221.0,241.99999526143074,556.1662471294403
221.0,236.99998876452446,556.7837700247765
222.0,235.99999260902405,557.58451795578
222.0,263.99998784065247,558.0848118066788
222.0,279.0000073313713,558.2508048415184
223.0,271.0000123679638,558.183831512928
223.0,259.0000070631504,559.6485515832901
223.0,249.99999022483826,559.9232862591743
224.0,249.99999022483826,560.0588789582253
224.0,251.0000120997429,559.0392588973045
224.0,246.0000056028366,558.5596434473991
224.0,300.99999991059303,559.2297368049622
225.0,373.0000060200691,560.1613965034485
225.0,334.00000163912773,561.3074017167091
225.0,312.000009059906,562.1587654352188
226.0,320.0000040233135,562.5274788141251
226.0,336.99999010562897,562.9823007583618
226.0,413.0000065565109,562.6412100195885
227.0,410.9999885261059,562.6412100195885
227.0,395.99999475479126,562.5345773696899
227.0,381.00000098347664,561.6289971470833
227.0,366.000007212162,559.9218974113464
228.0,349.99999156594276,558.2676253318787
228.0,361.99999687075615,556.998835682869
228.0,381.99999713897705,556.998835682869
229.0,401.99999740719795,558.4861888289452
229.0,395.99999475479126,559.3809154629707
229.0,379.0000086724758,559.5639347434044
230.0,367.00000336766243,559.980383336544
230.0,361.99999687075615,560.0214315056801
230.0,347.0000030994415,560.0214315056801
230.0,334.99999779462814,560.7122547030449
231.0,343.9999889135361,560.212989628315
231.0,389.99999210238457,560.6598385572433
231.0,401.99999740719795,560.2172076106071
232.0,419.0000092089176,559.9243150353432
232.0,416.9999911785126,559.1919807195663
232.0,390.999988257885,558.820335328579
233.0,374.00000217556953,558.360832452774
233.0,367.00000336766243,557.914960861206
233.0,409.99999237060547,557.2181707620621
233.0,412.0000104010105,558.124831199646
234.0,383.9999894499779,557.5442413687706
234.0,376.99999064207077,556.0495324730873
234.0,374.99999833106995,555.4054671525955
235.0,366.000007212162,555.0259001851082
235.0,359.0000084042549,558.065830886364
235.0,358.0000122487545,558.130077958107
236.0,367.99999952316284,558.2676253318787
236.0,361.00000071525574,558.799348294735
236.0,458.000013589859,559.0105046033859
236.0,479.0000100135803,558.1253455877304
237.0,451.9999852180481,558.0603783726692
237.0,410.9999885261059,561.5507072806358
237.0,374.00000217556953,562.4370493888855
238.0,358.0000122487545,562.2201319336891
238.0,349.99999156594276,559.7973126173019
238.0,343.9999889135361,555.6632784605026
239.0,339.000008136034,550.9585307240486
239.0,358.0000122487545,545.1748539805412
239.0,387.99999979138374,523.9618494510651
239.0,437.9999876022339,511.59066170454025
240.0,461.99999821186066,507.2631147503853
240.0,415.99999502301216,503.709979057312
240.0,427.00000417232513,494.54101145267487
241.0,453.0000070929527,494.69707679748535
241.0,430.9999887943268,498.0402392745018
241.0,458.9999840259552,500.7081130743027
242.0,557.9999892115593,502.82199090719223
242.0,566.9999803304672,503.70354920625687
242.0,477.0000177025795,507.2122932076454
242.0,519.0000105500221,516.7117037177086
243.0,486.9999792575836,523.7691596746445
243.0,448.00000059604645,527.3633949756622
243.0,524.0000170469284,530.7190056443214
244.0,538.0000146627426,527.3342806100845
244.0,587.9999767541885,514.1824575066566
244.0,677.0000203847885,486.17448925971985
245.0,715.9999990463257,463.55134123563766
245.0,740.0000096559525,458.77761405706406
245.0,721.9999759793282,454.29353880882263
245.0,797.0000219941139,459.0898476243019
246.0,693.0000103116035,471.5380907058716
246.0,608.0000027418137,474.72220438718796
246.0,651.0000174641609,471.38109946250916
247.0,667.9999778270721,471.6533136367798
247.0,715.9999990463257,479.4068909883499
247.0,733.9999812841415,488.830737888813
248.0,736.0000250339508,488.06599712371826
248.0,672.0000138878822,475.76142263412476
248.0,651.0000174641609,472.9493658542633
248.0,707.0000079274178,475.4360721707344
249.0,632.0000133514404,458.0792293548584
249.0,599.9999820590019,430.0394204854965
249.0,658.9999867081642,421.99361926317215
250.0,648.0000032782555,426.4773858785629
250.0,615.0000015497208,442.5070559978485
250.0,660.0000085830688,454.73894745111465
251.0,677.9999908208847,457.59230959415436
251.0,606.999980866909,454.70993596315384
251.0,757.9999918937683,460.0749522447586
251.0,764.9999907016754,462.704761326313
252.0,597.9999897480011,469.4835732579231
252.0,573.0000087022781,482.74516677856445
252.0,675.9999985098839,493.58620429039
253.0,712.9999848604202,499.6055736541748
253.0,759.0000137686729,503.19368773698807
253.0,698.0000168085098,503.75416499376297
254.0,641.9999749064445,506.52038979530334
254.0,818.9999888539314,506.7422453761101
254.0,883.0,498.27186822891235
254.0,823.0000249147415,491.88908368349075
255.0,681.0000050067902,493.93691408634186
255.0,695.0000026226044,500.63337248563766
255.0,750.000022649765,504.46957594156265
256.0,766.9999830126762,506.6354069709778
256.0,712.9999848604202,512.5909407734871
256.0,594.9999755620956,517.0704894065857
257.0,644.99998909235,516.2865105271339
257.0,719.0000132322311,519.0002677440643
257.0,710.9999925494194,526.6361531019211
257.0,601.9999743700027,527.3964186906815
258.0,601.9999743700027,533.6560587286949
258.0,719.9999836683273,540.2385801672935
258.0,766.9999830126762,538.244451880455
259.0,691.0000180006027,540.11363530159
259.0,644.0000186562538,538.636569917202
259.0,705.9999860525131,534.268797814846
260.0,830.0000237226486,532.1537368893623
260.0,733.0000108480453,531.0514546632767
260.0,724.0000197291374,532.3042982816696
260.0,811.9999900460243,529.0596925616264
261.0,806.0000131130219,535.6447345018387
261.0,743.0000238418579,542.968900680542
261.0,740.0000096559525,540.6293093562126
262.0,722.9999978542328,540.2302985191345
262.0,710.0000221133232,537.2496253252029
262.0,618.0000157356262,535.8894289135933
263.0,581.9999998211861,535.6082129478455
263.0,592.9999832510948,539.298381626606
263.0,585.0000140070915,540.8428318500519
263.0,569.0000240802765,537.5942653417587
264.0,573.9999791383743,542.2165052294731
264.0,656.9999943971634,544.2900550365448
264.0,651.0000174641609,539.5823752880096
265.0,625.0000145435333,540.1792197823524
265.0,623.9999926686287,542.5174222588539
265.0,642.9999967813492,539.5705958008766
266.0,637.9999902844429,538.7048292160034
266.0,651.9999879002571,543.9694883823395
266.0,672.9999843239784,533.0561279058456
266.0,688.0000038146973,531.8759158849716
267.0,628.999999165535,542.033434510231
267.0,768.0000048875809,543.3716151118279
267.0,783.9999948143959,536.2592739462852
268.0,620.000008046627,534.6199191212654
268.0,616.0000234246254,532.022876560688
268.0,686.0000115036964,533.8517833948135
269.0,702.0000014305115,535.1330726742744
269.0,721.9999759793282,524.7480916380882
269.0,641.0000044703484,522.7400234341621
269.0,594.9999755620956,526.6277685761452
270.0,573.0000087022781,534.0579501390457
270.0,618.9999861717224,532.5292916297913
270.0,667.9999778270721,528.217690706253
271.0,662.0000008940697,526.1386369466782
271.0,637.0000198483467,529.7563797831535
271.0,601.0000039339066,538.8166057467461
272.0,578.9999856352806,534.669660449028
272.0,620.9999784827232,528.2082259654999
272.0,611.0000169277191,527.0060495734215
272.0,543.9999915957451,530.9745022058487
273.0,554.9999750256538,530.644213616848
273.0,531.0000158548355,524.2137967348099
273.0,489.9999934434891,522.3380291461945
274.0,512.000011742115,526.1854462623596
274.0,568.0000022053719,529.2523308992386
274.0,564.9999880194664,526.9546622037888
275.0,616.0000234246254,521.9862905740738
275.0,668.9999997019768,527.1990479826927
275.0,616.0000234246254,528.0259268283844
275.0,686.0000115036964,524.0907036662102
276.0,714.0000067353249,525.0353259444237
276.0,754.9999777078629,529.1736295223236
276.0,684.9999896287918,529.9192350506783
277.0,750.9999930858612,531.0855585932732
277.0,660.0000085830688,532.6212127804756
277.0,625.9999849796295,538.4447031617165
278.0,689.0000256896019,541.1767211556435
278.0,792.0000154972076,540.6368708610535
278.0,768.0000048875809,543.1419922709465
278.0,736.0000250339508,545.2876592874527
279.0,726.9999824762344,544.6751259565353
279.0,686.0000115036964,537.7237882614136
279.0,653.0000097751617,537.1246804594994
280.0,637.9999902844429,537.0341995954514
280.0,679.0000126957893,536.010773062706
280.0,649.0000251531601,534.9230994582176
281.0,571.0000163912773,534.3206995725632
281.0,559.9999815225601,532.5163804888725
281.0,576.0000228881836,530.0880572199821
281.0,543.0000211596489,528.5023530721664
282.0,616.0000234246254,531.4411036372185
282.0,707.999978363514,522.7180590629578
282.0,698.0000168085098,520.4077364206314
283.0,757.9999918937683,526.8884090185165
283.0,759.0000137686729,526.7935044169426
283.0,745.0000161528587,521.5538959503174
284.0,726.9999824762344,517.6225306987762
284.0,580.0000075101852,515.4278939366341
284.0,587.0000063180923,519.8830091357231
284.0,585.0000140070915,521.9081550240517
285.0,573.0000087022781,522.388233423233
285.0,660.0000085830688,520.6008377075195
285.0,684.0000191926956,520.6509391069412
286.0,693.9999807476997,521.9438021183014
286.0,653.9999802112579,525.023700773716
286.0,665.9999855160713,529.3856602907181
287.0,717.9999913573265,531.7455185055733
287.0,653.0000097751617,529.0450839400291
287.0,623.0000222325325,529.1325299143791
287.0,630.9999914765358,533.1870396733284
288.0,681.9999754428864,533.2735597491264
288.0,707.0000079274178,533.1132249832153
288.0,766.9999830126762,533.8158791065216
289.0,877.0000230669975,531.0551582574844
289.0,752.0000149607658,527.4969815611839
289.0,622.0000003576279,529.3874092102051
290.0,665.9999855160713,528.0843098759651
290.0,733.0000108480453,525.7249146103859
290.0,651.9999879002571,529.2234737277031
290.0,601.0000039339066,526.5358988642693
291.0,667.9999778270721,524.8764314651489
291.0,707.999978363514,522.936005294323
291.0,714.999977171421,527.3922007083893
292.0,672.9999843239784,525.0853244662285
292.0,670.0000215768814,530.9212630391121
292.0,672.9999843239784,533.7560043334961
293.0,606.0000104308128,530.6889139413834
293.0,634.9999760985374,525.5475535988808
293.0,702.0000014305115,527.0278081893921
293.0,649.0000251531601,529.249810397625
294.0,623.9999926686287,531.5917679071426
294.0,674.000006198883,535.9559907317162
294.0,601.9999743700027,540.7212819457054
295.0,540.0000069737434,542.6635084748268
295.0,693.9999807476997,539.6161705851555
295.0,794.9999782443047,541.035470187664
296.0,776.9999960064888,546.8255253434181
296.0,820.0000107288361,547.7495206594467
296.0,714.999977171421,546.8595263957977
296.0,695.0000026226044,550.3668815493584
297.0,728.0000043511391,545.3678523898125
297.0,783.9999948143959,539.0922148823738
297.0,776.9999960064888,540.3092570900917
298.0,698.999987244606,537.1171189546585
298.0,710.0000221133232,537.1657286286354
298.0,670.9999920129776,537.6450868844986
299.0,625.9999849796295,538.5996882915497
299.0,628.999999165535,549.0104916095734
299.0,576.9999933242798,546.756134390831
299.0,606.0000104308128,544.6161770820618
300.0,662.0000008940697,544.4278081655502
300.0,684.9999896287918,537.3740558028221
300.0,677.0000203847885,534.6725924611092
301.0,750.000022649765,532.334544301033
301.0,740.9999800920486,533.3765916824341
301.0,679.0000126957893,533.3934121727943
302.0,644.99998909235,531.9760158061981
302.0,709.0000002384186,537.6877296566963
302.0,757.0000214576721,541.2634984254837
302.0,717.0000209212303,541.7651811242104
303.0,726.0000120401382,539.294883787632
303.0,703.9999937415123,537.8914273381233
303.0,688.0000038146973,535.0654306411743
304.0,660.999979019165,529.7460920214653
304.0,649.0000251531601,534.8739753961563
304.0,594.9999755620956,543.486838042736
305.0,583.0000216960907,541.3542364835739
305.0,667.000007390976,536.5392553806305
305.0,721.9999759793282,541.030223429203
305.0,594.0000051259995,544.4667987823486
306.0,693.0000103116035,538.7140882015228
306.0,775.000003695488,533.8129470944405
306.0,566.000009894371,529.4073674678802
307.0,684.0000191926956,527.5482660531998
307.0,698.999987244606,526.3868806362152
307.0,721.000005543232,526.6155775785446
308.0,663.0000227689743,531.9860463738441
308.0,724.9999901652336,531.3900249004364
308.0,757.0000214576721,527.3917377591133
308.0,705.9999860525131,531.2809231877327
309.0,712.9999848604202,532.8268136978149
309.0,776.0000255703926,528.9426692724228
309.0,677.0000203847885,535.1131658554077
310.0,696.000024497509,541.1311463713646
310.0,691.9999884366989,530.3630490899086
310.0,681.0000050067902,520.2536257505417
311.0,705.9999860525131,515.3438429236412
311.0,695.0000026226044,510.7390407919884
311.0,630.0000210404396,514.0535004138947
311.0,595.9999974370003,518.4694192409515
312.0,597.9999897480011,521.4695877432823
312.0,689.0000256896019,523.6282173395157
312.0,719.9999836683273,527.5129790306091
313.0,750.9999930858612,534.777630507946
313.0,776.0000255703926,536.4746996760368
313.0,778.0000178813934,540.8266286253929
314.0,790.999993622303,545.3187797665596
314.0,705.9999860525131,546.0914421081543
314.0,634.9999760985374,550.8234524130821
314.0,616.9999938607216,548.506854236126
315.0,733.0000108480453,543.9820394515991
315.0,787.0000090003014,541.6088071465492
315.0,780.9999806284904,541.0585662126541
316.0,738.9999877810478,534.1895820498466
316.0,658.000016272068,530.739478290081
316.0,740.0000096559525,531.7777706384659
317.0,755.9999995827675,533.3837931156158
317.0,714.999977171421,526.3795763254166
317.0,729.9999966621399,521.6944267749786
317.0,757.0000214576721,522.7322047352791
318.0,712.9999848604202,522.0019279718399
318.0,696.9999949336052,523.5354217290878
318.0,721.000005543232,524.6596168875694
319.0,778.9999883174896,526.9890747666359
319.0,780.0000101923943,528.973944067955
319.0,743.9999942779541,533.1386357545853
320.0,674.000006198883,534.0267267823219
320.0,649.9999955892563,529.4563886523247
320.0,733.0000108480453,527.3039831519127
320.0,735.0000031590462,535.6136140227318
321.0,745.9999865889549,530.3835217356682
321.0,722.9999978542328,526.6394966244698
321.0,698.999987244606,540.1647654771805
322.0,601.0000039339066,533.0858080983162
322.0,670.0000215768814,532.9550506472588
322.0,689.0000256896019,531.9678884744644
323.0,728.0000043511391,536.3956896662712
323.0,616.0000234246254,534.3450815677643
323.0,632.9999837875366,534.5027415156364
323.0,606.999980866909,538.8886200785637
324.0,562.9999957084656,538.9622804522514
324.0,686.0000115036964,535.310022175312
324.0,670.0000215768814,541.8199634552002
325.0,628.999999165535,540.7892326116562
325.0,688.0000038146973,539.7457963824272
325.0,620.000008046627,539.0391300320625
326.0,641.0000044703484,536.0148881673813
326.0,613.0000092387199,536.5100895762444
326.0,649.9999955892563,541.6863768696785
326.0,677.0000203847885,545.2841614484787
327.0,742.0000019669533,545.1203288435936
327.0,672.9999843239784,536.5621456503868
327.0,620.000008046627,532.3458094000816
328.0,550.000019967556,528.8137636184692
328.0,564.9999880194664,525.2441675066948
328.0,648.0000032782555,522.8937225937843
329.0,613.9999796748161,522.3406010866165
329.0,571.0000163912773,527.5624631643295
329.0,682.999997317791,532.690860927105
329.0,710.0000221133232,534.8557146191597
330.0,585.0000140070915,527.7920345664024
330.0,528.00000166893,525.8486249446869
330.0,604.9999885559082,527.972481906414
331.0,592.9999832510948,531.7744785547256
331.0,622.0000003576279,537.7237882614136
331.0,606.999980866909,533.0139480829239
332.0,677.0000203847885,531.342289686203
332.0,642.9999967813492,531.3096260428429
332.0,663.9999932050705,528.5913422107697
332.0,658.9999867081642,526.0091140270233
333.0,590.999990940094,527.5467228889465
333.0,552.999982714653,528.0907397270203
333.0,550.000019967556,526.6447433829308
334.0,682.999997317791,523.843488752842
334.0,623.9999926686287,523.4417516589165
334.0,581.9999998211861,525.534282386303
335.0,488.00000113248825,531.4413093924522
335.0,641.9999749064445,535.7596487998962
335.0,668.9999997019768,530.4337260127068
335.0,634.9999760985374,528.8763132095337
336.0,670.9999920129776,526.5322467088699
336.0,634.9999760985374,525.8076796531677
336.0,611.0000169277191,526.3260799646378
337.0,588.9999986290932,530.9745022058487
337.0,627.0000068545341,526.0614787340164
337.0,634.0000056624413,525.0815179944038
338.0,663.0000227689743,524.7941293716431
338.0,519.0000105500221,534.1368572711945
338.0,533.9999786019325,534.8140491843224
338.0,576.9999933242798,537.6043987870216
339.0,573.0000087022781,541.209899187088
339.0,517.0000182390213,531.847161591053
339.0,503.9999910593033,530.326836168766
340.0,646.0000109672546,532.4066100716591
340.0,656.0000239610672,529.6408996582031
340.0,507.99997568130493,534.6749586462975
341.0,482.0000241994858,535.7424682378769
341.0,599.0000116229057,540.6851719021797
341.0,627.0000068545341,540.1305072307587
341.0,686.9999819397926,538.7539532780647
342.0,578.0000151991844,534.8895099163055
342.0,505.0000129342079,539.1463285088539
342.0,479.9999804496765,542.8335651755333
343.0,529.9999939799309,548.7497997283936
343.0,575.000001013279,548.5664203763008
343.0,491.0000153183937,542.583778321743
344.0,740.0000096559525,545.4271613359451
344.0,630.0000210404396,548.8080798983574
344.0,545.0000134706497,540.7420117855072
344.0,628.999999165535,539.5577360987663
345.0,578.0000151991844,549.54319190979
345.0,651.0000174641609,554.717010140419
345.0,646.9999814033508,548.1869048476219
346.0,533.0000081658363,549.3359449505806
346.0,528.00000166893,546.8416771292686
346.0,604.9999885559082,547.4251989722252
347.0,693.0000103116035,541.519818007946
347.0,599.9999820590019,543.8522593379021
347.0,587.9999767541885,542.5596020817757
347.0,585.0000140070915,543.3189932107925
348.0,501.99999874830246,548.8871927857399
348.0,613.0000092387199,551.9249116182327
348.0,547.0000057816505,552.3655878901482
349.0,554.0000045895576,541.7682674527168
349.0,576.9999933242798,546.373223900795
349.0,587.9999767541885,550.2307230234146
350.0,470.9999893307686,559.0337035059929
350.0,463.0000200867653,545.5789058208466
350.0,435.99999529123306,543.6454238891602
350.0,448.99999675154686,546.1737442016602
351.0,573.0000087022781,543.7575090527534
351.0,526.0000093579292,546.9354500770569
351.0,465.0000123977661,548.9003611207008
352.0,489.0000230073929,550.9312167167664
352.0,507.99997568130493,547.9245154857635
352.0,514.0000040531158,547.4367727041245
353.0,562.9999957084656,545.2383809089661
353.0,547.0000057816505,557.6934653520584
353.0,458.9999840259552,556.3700476884842
353.0,442.99999409914017,552.5067874193192
354.0,454.99999940395355,552.8227760195732
354.0,524.9999874830246,557.9601755738258
354.0,644.0000186562538,559.1257275342941
355.0,547.0000057816505,546.7155491709709
355.0,510.0000194311142,546.0238000750542
355.0,489.0000230073929,558.9246017932892
356.0,493.00000762939453,561.5253479480743
356.0,494.99999994039536,550.6289622783661
356.0,437.9999876022339,548.2450307011604
356.0,419.0000092089176,543.5114257931709
357.0,479.9999804496765,552.1377139687538
357.0,597.9999897480011,558.9399305582047
357.0,479.9999804496765,561.4412969350815
358.0,453.9999775290489,556.5671097636223
358.0,460.999976336956,552.4370363950729
358.0,463.9999905228615,560.004045188427
359.0,428.00000032782555,539.4077405333519
359.0,479.9999804496765,547.3543677330017
359.0,423.9999899864197,554.7133065462112
359.0,428.00000032782555,547.5265848636627
360.0,562.9999957084656,551.7138581871986
360.0,445.0000121295452,545.8707696199417
360.0,448.00000059604645,546.2073851823807
361.0,484.0000165104866,556.1205180287361
361.0,555.9999969005585,556.212387740612
361.0,573.0000087022781,549.6425202488899
362.0,562.0000252723694,542.9219370484352
362.0,479.9999804496765,550.4189890623093
362.0,472.9999816417694,551.454349398613
362.0,405.0000115931034,551.5367543697357
363.0,472.0000112056732,559.1798411607742
363.0,470.9999893307686,548.9227370023727
363.0,454.99999940395355,554.7083684206009
364.0,460.999976336956,554.1206285953522
364.0,441.00000178813934,551.9426065683365
364.0,507.99997568130493,551.0981356501579
365.0,423.9999899864197,562.0323802828789
365.0,472.9999816417694,562.5350917577744
365.0,468.99999701976776,565.0260674953461
365.0,547.0000057816505,563.689378619194
366.0,557.9999892115593,552.098671913147
366.0,463.9999905228615,556.3823930025101
366.0,437.9999876022339,562.2339689731598
367.0,448.99999675154686,559.8401611447334
367.0,479.9999804496765,557.9762244820595
367.0,430.9999887943268,557.3297929763794
368.0,475.0000253915787,552.609253525734
368.0,503.0000206232071,554.0359088778496
368.0,482.0000241994858,562.3195117115974
368.0,422.99999383091927,563.8516166210175
369.0,467.99997514486313,562.9226831793785
369.0,446.0000082850456,556.253898859024
369.0,500.9999768733978,545.9806943535805
370.0,493.00000762939453,554.2445446848869
370.0,493.00000762939453,557.5175960659981
370.0,458.000013589859,559.0102988481522
371.0,517.9999886751175,558.2599609494209
371.0,507.99997568130493,558.048341691494
371.0,528.00000166893,563.1939200162888
371.0,475.0000253915787,564.6696994304657
372.0,465.9999828338623,559.1390501856804
372.0,443.9999902546406,548.7135353684425
372.0,489.0000230073929,560.0860900878906
373.0,421.00000151991844,562.7332854866982
373.0,414.00000271201134,561.9822274446487
373.0,417.999987334013,561.6727715730667
374.0,416.9999911785126,565.1889742016792
374.0,435.99999529123306,560.5820630788803
374.0,437.9999876022339,565.9127182364464
374.0,406.0000077486038,565.5006419420242
375.0,477.9999881386757,552.6843027472496
375.0,475.0000253915787,564.0044413208961
375.0,493.9999780654907,563.5355251431465
376.0,566.9999803304672,560.2264151573181
376.0,435.99999529123306,553.445391356945
376.0,484.0000165104866,552.1723322868347
377.0,491.0000153183937,553.2694191932678
377.0,585.9999844431877,561.2430517673492
377.0,524.0000170469284,561.7964304685593
377.0,416.9999911785126,568.2941807508469
378.0,447.00000444054604,561.8002883791924
378.0,433.0000068247318,562.0323802828789
378.0,428.99999648332596,563.3667544126511
379.0,590.999990940094,562.599184513092
379.0,545.0000134706497,564.5325121283531
379.0,422.99999383091927,558.0677855610847
380.0,465.9999828338623,566.3861610293388
380.0,489.9999934434891,561.7437056899071
380.0,472.9999816417694,562.0247159004211
380.0,467.00000470876694,554.3292644023895
381.0,515.9999963641167,553.3770291805267
381.0,585.9999844431877,562.2868480682373
381.0,460.00000590085983,564.7929468154907
382.0,410.9999885261059,563.8352076411247
382.0,467.99997514486313,561.0348274707794
382.0,514.0000040531158,565.8716700673103
383.0,573.0000087022781,561.7316175699234
383.0,538.9999850988388,558.9623064398766
383.0,486.9999792575836,561.0927475690842
383.0,440.00000563263893,566.6919133067131
384.0,501.99999874830246,562.5482600927353
384.0,472.0000112056732,564.6057095527649
384.0,407.00000390410423,559.1169829368591
385.0,406.0000077486038,559.6495803594589
385.0,449.9999929070473,559.1334433555603
385.0,376.99999064207077,562.1445168852806
386.0,465.0000123977661,556.5909259319305
386.0,569.0000240802765,557.543006837368
386.0,429.99999263882637,555.749026954174
386.0,366.000007212162,560.5681231617928
387.0,405.0000115931034,561.2333298325539
387.0,536.999992787838,563.1531290411949
387.0,443.9999902546406,558.6583545207977
388.0,421.00000151991844,564.953538775444
388.0,388.99999594688416,565.2467914223671
388.0,399.0000089406967,564.6715512275696
389.0,496.9999922513962,564.7881630063057
389.0,540.9999774098396,563.1008157730103
389.0,474.00000351667404,563.047267973423
389.0,472.0000112056732,566.0683206319809
390.0,479.0000100135803,559.399947822094
390.0,493.9999780654907,559.7996788024902
390.0,566.9999803304672,558.2190670967102
391.0,472.0000112056732,551.7851009368896
391.0,461.99999821186066,564.4606006741524
391.0,547.9999762177467,560.0319764614105
392.0,573.9999791383743,559.2819471955299
392.0,406.0000077486038,550.689814388752
392.0,368.99999567866325,556.1910920739174
392.0,526.9999797940254,566.4265919327736
393.0,505.0000129342079,563.959998190403
393.0,446.0000082850456,565.4915372729301
393.0,453.9999775290489,565.9391577839851
394.0,474.00000351667404,550.5028857588768
394.0,653.9999802112579,554.7038418054581
394.0,481.00000232458115,566.1746960878372
395.0,449.9999929070473,561.9843878746033
395.0,479.0000100135803,559.5905800461769
395.0,585.0000140070915,561.1548342108727
395.0,461.99999821186066,561.9927724003792
396.0,388.99999594688416,557.2557725310326
396.0,380.0000048279762,550.9016908407211
396.0,423.9999899864197,562.6305621862411
397.0,387.00000363588333,566.7925790548325
397.0,406.0000077486038,561.0439321398735
397.0,554.9999750256538,556.5514209270477
398.0,491.9999857544899,551.1953549981117
398.0,428.99999648332596,554.4801344275475
398.0,415.99999502301216,559.4798837304115
398.0,428.99999648332596,563.8381910920143
399.0,454.99999940395355,557.8571436405182
399.0,447.00000444054604,560.8471786975861
399.0,581.9999998211861,567.2793959379196
400.0,491.0000153183937,567.6559794545174
400.0,390.999988257885,563.6869095563889
400.0,443.9999902546406,570.3133597373962
401.0,395.99999475479126,562.5813866853714
401.0,451.9999852180481,552.9066212773323
401.0,519.9999809861183,566.3036531805992
401.0,456.0000212788582,571.768717944622
402.0,387.00000363588333,568.5833182930946
402.0,374.00000217556953,556.065581381321
402.0,448.00000059604645,565.011716067791
403.0,419.0000092089176,567.1034237742424
403.0,387.00000363588333,569.8558629751205
403.0,450.9999890625477,568.94447016716
404.0,519.0000105500221,559.5987073779106
404.0,526.9999797940254,555.2881866693497
404.0,526.0000093579292,561.5803360342979
404.0,387.99999979138374,561.5762723684311
405.0,361.00000071525574,560.9575663805008
405.0,368.99999567866325,559.6231922507286
405.0,524.9999874830246,553.1550192832947
406.0,472.9999816417694,562.0648381710052
406.0,401.99999740719795,562.9861072301865
406.0,484.9999869465828,554.592836856842
407.0,460.00000590085983,552.2094711065292
407.0,408.00000005960464,568.2698501944542
407.0,342.99999275803566,571.4130185842514
407.0,387.00000363588333,556.9218317866325
408.0,406.0000077486038,558.731140434742
408.0,434.00000298023224,564.4557139873505
408.0,414.99999886751175,563.5549690127373
409.0,443.9999902546406,561.7712768912315
409.0,479.0000100135803,545.577671289444
409.0,519.0000105500221,560.8986689448357
410.0,430.9999887943268,563.7977601885796
410.0,426.0000080168247,560.9316412210464
410.0,370.9999879896641,550.9083778858185
410.0,330.9999874532223,562.1014111638069
411.0,408.99999621510506,568.6762167811394
411.0,379.0000086724758,569.2362310886383
411.0,401.00000125169754,565.449666082859
412.0,437.9999876022339,568.7358343601227
412.0,458.9999840259552,567.1037838459015
412.0,383.9999894499779,553.0526046156883
413.0,441.00000178813934,558.8087615966797
413.0,484.0000165104866,564.6397106051445
413.0,467.00000470876694,565.3028082847595
413.0,416.9999911785126,564.1580376029015
414.0,489.9999934434891,561.9675159454346
414.0,564.9999880194664,562.7407955527306
414.0,463.0000200867653,550.0931242108345
415.0,393.00000628829,558.4796561002731
415.0,409.99999237060547,567.6507326960564
415.0,581.9999998211861,562.8749994039536
416.0,498.999984562397,567.1646873950958
416.0,398.0000127851963,562.3281019926071
416.0,387.00000363588333,556.0934612154961
416.0,489.9999934434891,562.3004279136658
417.0,439.0000094771385,568.4651633501053
417.0,413.0000065565109,569.397337436676
417.0,386.0000074803829,562.9212428927422
418.0,422.99999383091927,565.2623259425163
418.0,451.9999852180481,567.5023317337036
418.0,428.00000032782555,561.2377535700798
419.0,429.99999263882637,554.7366597652435
419.0,450.9999890625477,553.9758283495903
419.0,446.0000082850456,554.1267498135567
419.0,453.0000070929527,566.3686203956604
420.0,430.9999887943268,567.8986163139343
420.0,387.00000363588333,567.1578460335732
420.0,381.00000098347664,553.3439540266991
421.0,381.99999713897705,558.3254425525665
421.0,482.99999463558197,564.5312261581421
421.0,514.999974489212,557.1628226041794
422.0,420.00000536441803,559.1932666897774
422.0,349.99999156594276,563.5909247398376
422.0,347.0000030994415,568.0526755452156
422.0,436.9999914467335,565.55028039217
423.0,475.0000253915787,564.4438316226006
423.0,470.0000188946724,562.6130215525627
423.0,409.99999237060547,565.0625890493393
424.0,388.99999594688416,562.8749994039536
424.0,350.9999877214432,559.7577561736107
424.0,505.9999833703041,556.076434969902
425.0,501.99999874830246,564.4472265839577
425.0,388.99999594688416,564.7600259780884
425.0,362.99999302625656,569.3574723601341
425.0,434.00000298023224,571.4760311245918
426.0,453.9999775290489,565.4740995168686
426.0,448.99999675154686,567.7710480690002
426.0,401.00000125169754,566.1800971627235
427.0,395.99999475479126,563.1939200162888
427.0,484.0000165104866,561.5188152194023
427.0,405.0000115931034,568.5746765732765
428.0,412.0000104010105,563.6071279644966
428.0,547.0000057816505,559.6183570027351
428.0,503.0000206232071,561.36347001791
428.0,447.00000444054604,565.9339624643326
429.0,460.00000590085983,559.0619948506355
429.0,406.0000077486038,552.1655423641205
429.0,394.00000244379044,561.8102160692215
430.0,453.0000070929527,568.4953064918518
430.0,467.99997514486313,567.2194697260857
430.0,428.00000032782555,551.2655689716339
431.0,414.99999886751175,558.9548478126526
431.0,429.99999263882637,568.3884680867195
431.0,421.99999767541885,569.3840662240982
431.0,413.0000065565109,559.9232348203659
432.0,409.99999237060547,564.8367212414742
432.0,486.9999792575836,567.2492527961731
432.0,456.0000212788582,569.2786166667938
433.0,481.00000232458115,565.9080887436867
433.0,500.9999768733978,563.0150672793388
433.0,479.9999804496765,564.7869284749031
434.0,387.00000363588333,564.2136943936348
434.0,387.99999979138374,562.2317056655884
434.0,395.99999475479126,562.5595251917839
434.0,422.99999383091927,562.3029998540878
435.0,488.00000113248825,564.474437713623
435.0,545.9999839067459,568.4651633501053
435.0,451.9999852180481,569.1337135434151
436.0,434.00000298023224,569.2231656312943
436.0,415.99999502301216,560.0120696425438
436.0,592.9999832510948,556.9959036707878
437.0,500.00000643730164,566.2208366990089
437.0,413.0000065565109,571.5993813872337
437.0,398.0000127851963,571.3746452331543
437.0,439.0000094771385,563.6357793807983
438.0,488.00000113248825,559.9272470474243
438.0,419.0000092089176,560.2048622965813
438.0,406.0000077486038,565.7773312926292
439.0,543.0000211596489,567.7906976938248
439.0,500.9999768733978,570.8732197284698
439.0,463.0000200867653,557.2464106678963
440.0,477.0000177025795,557.6587955951691
440.0,441.00000178813934,568.096912920475
440.0,548.9999980926514,569.8543712496758
440.0,562.9999957084656,564.0400884151459
441.0,515.9999963641167,562.5552043318748
441.0,501.99999874830246,563.1202082037926
441.0,526.9999797940254,567.6469776630402
442.0,597.0000193119049,568.10169672966
442.0,484.0000165104866,560.0319764614105
442.0,450.9999890625477,567.3664304018021
443.0,409.99999237060547,566.8529682159424
443.0,410.9999885261059,554.2445446848869
443.0,491.9999857544899,558.5119596719742
443.0,536.0000223517418,563.959998190403
444.0,437.9999876022339,562.9823007583618
444.0,500.9999768733978,568.1013880968094
444.0,521.000002861023,569.0556808710098
445.0,448.99999675154686,563.7452926039696
445.0,439.0000094771385,562.2212121486664
445.0,449.9999929070473,565.7702841758728
446.0,479.9999804496765,566.42407143116
446.0,420.00000536441803,564.808018386364
446.0,394.99999859929085,565.31896007061
446.0,580.0000075101852,566.1237716674805
447.0,547.9999762177467,566.3435182571411
447.0,580.0000075101852,559.1392559409142
447.0,548.9999980926514,561.8966847062111
448.0,510.0000194311142,559.5395527482033
448.0,494.99999994039536,557.3309246301651
448.0,463.0000200867653,559.1390501856804
449.0,552.0000122785568,567.4033634662628
449.0,656.9999943971634,567.3048067092896
449.0,576.0000228881836,566.382560312748
449.0,460.999976336956,563.8582522273064
450.0,479.9999804496765,557.5855981707573
450.0,642.9999967813492,552.2536570429802
450.0,540.0000069737434,561.1711917519569
451.0,484.0000165104866,562.8584875464439
451.0,441.99999794363976,564.2458436489105
451.0,512.000011742115,547.9443708658218
452.0,535.0000004768372,556.4607857465744
452.0,498.0000141263008,564.663783967495
452.0,562.9999957084656,566.2361654639244
452.0,489.0000230073929,562.5982071757317
453.0,429.99999263882637,558.1170125007629
453.0,526.0000093579292,564.8129565119743
453.0,545.0000134706497,565.9094261527061
454.0,475.0000253915787,553.2538332343102
454.0,728.9999747872353,557.3972292542458
454.0,552.999982714653,561.165019094944
455.0,489.0000230073929,559.9784801006317
455.0,606.0000104308128,563.4050248861313
455.0,646.9999814033508,553.7544357180595
455.0,545.9999839067459,552.9604777097702
456.0,508.99999755620956,557.5806086063385
456.0,437.9999876022339,559.0982592105865
456.0,543.9999915957451,556.9142188429832
457.0,561.0000033974648,550.6069464683533
457.0,498.0000141263008,560.9289664030075
457.0,566.9999803304672,564.0002747774124
458.0,604.000018119812,567.3392707109451
458.0,627.9999772906303,566.7925790548325
458.0,500.9999768733978,559.1171372532845
458.0,486.9999792575836,555.0761044621468
459.0,489.9999934434891,564.7295742034912
459.0,465.0000123977661,558.6663789749146
459.0,484.9999869465828,556.7132988572121
460.0,477.9999881386757,563.5392801761627
460.0,494.99999994039536,564.3621982336044
460.0,512.9999821782112,563.0076086521149
461.0,472.0000112056732,559.87987190485
461.0,489.9999934434891,565.6436418294907
461.0,747.9999788999557,567.5467748641968
461.0,590.0000205039978,550.790325820446
462.0,524.9999874830246,553.4801125526428
462.0,482.0000241994858,550.6644550561905
462.0,630.9999914765358,553.330425620079
463.0,541.9999992847443,556.7860333323479
463.0,761.0000060796738,557.8557547926903
463.0,535.0000004768372,560.4890102744102
464.0,453.0000070929527,552.0101457238197
464.0,533.0000081658363,542.7671576738358
464.0,710.0000221133232,548.7368371486664
464.0,761.0000060796738,558.3655648231506
465.0,749.0000007748604,556.3274049162865
465.0,578.0000151991844,542.4674751758575
465.0,524.0000170469284,551.0794633626938
466.0,581.9999998211861,556.1530273556709
466.0,592.0000128149986,560.248328089714
466.0,609.9999950528145,554.361156463623
467.0,580.0000075101852,553.0624294281006
467.0,547.9999762177467,557.0699241161346
467.0,649.0000251531601,551.4767767190933
467.0,634.9999760985374,558.1278146505356
468.0,622.0000003576279,563.9872607588768
468.0,479.0000100135803,554.958721101284
468.0,550.9999904036522,553.3613917827606
469.0,465.9999828338623,560.2689036130905
469.0,719.0000132322311,539.1947838664055
469.0,769.9999971985817,552.992524087429
470.0,627.9999772906303,558.6583545207977
470.0,651.0000174641609,547.7533271312714
470.0,684.0000191926956,544.4331063628197
470.0,709.0000002384186,553.2674130797386
471.0,620.9999784827232,556.5551245212555
471.0,649.9999955892563,563.1939200162888
471.0,543.9999915957451,553.2892745733261
472.0,540.0000069737434,551.4118609428406
472.0,592.9999832510948,557.0699241161346
472.0,524.0000170469284,550.6811726689339
473.0,555.9999969005585,547.8823356628418
473.0,604.000018119812,546.1055877804756
473.0,677.9999908208847,557.3972292542458
473.0,595.9999974370003,558.9598888158798
474.0,576.9999933242798,558.7642155885696
474.0,646.0000109672546,561.3829138875008
474.0,623.0000222325325,559.6630058884621
475.0,569.9999945163727,560.4672516584396
475.0,649.9999955892563,559.0039204359055
475.0,587.0000063180923,557.544292807579
476.0,575.000001013279,561.4683023095131
476.0,512.9999821782112,559.5905800461769
476.0,545.9999839067459,538.1810792684555
476.0,547.0000057816505,549.8167949318886
477.0,503.9999910593033,555.4883350729942
477.0,500.00000643730164,559.6491688489914
477.0,541.9999992847443,546.5034155249596
478.0,475.99999582767487,554.3329165577888
478.0,540.9999774098396,537.6830487251282
478.0,745.0000161528587,555.2017180323601
479.0,705.9999860525131,562.9734018445015
479.0,503.9999910593033,555.0916904211044
479.0,554.9999750256538,540.3357480764389
479.0,714.999977171421,536.9925855994225
480.0,604.9999885559082,537.6172070503235
480.0,531.0000158548355,550.3791239857674
480.0,456.0000212788582,554.8133035898209
481.0,521.000002861023,549.5787875652313
481.0,693.9999807476997,548.9983006119728
481.0,595.9999974370003,547.6766318678856
482.0,555.9999969005585,550.4174973368645
482.0,583.0000216960907,553.6027426719666
482.0,695.0000026226044,545.2779373526573
482.0,809.9999977350235,546.5357190966606
483.0,677.0000203847885,547.746640086174
483.0,566.9999803304672,560.7398773431778
483.0,543.0000211596489,553.9304078817368
484.0,501.99999874830246,561.9843878746033
484.0,550.000019967556,540.4307041168213
484.0,608.0000027418137,537.1627451777458
485.0,562.9999957084656,547.1074614524841
485.0,521.000002861023,545.2465596795082
485.0,632.9999837875366,542.7022933363914
485.0,620.000008046627,541.2247135639191
486.0,738.9999877810478,547.9325913786888
486.0,656.9999943971634,545.6853327155113
486.0,515.9999963641167,554.9317157268524
487.0,498.0000141263008,555.435250222683
487.0,667.9999778270721,550.521918118
487.0,684.9999896287918,556.9324281811714
488.0,634.9999760985374,553.9435762166977
488.0,568.0000022053719,549.8014661669731
488.0,667.9999778270721,544.041142642498
488.0,681.0000050067902,550.5679558515549
489.0,620.000008046627,552.287452340126
489.0,493.9999780654907,546.5335586667061
489.0,491.0000153183937,548.3016133904457
490.0,660.999979019165,552.6838397979736
490.0,691.9999884366989,545.9113548398018
490.0,555.9999969005585,551.2437074780464
491.0,630.0000210404396,552.3567918539047
491.0,569.0000240802765,558.3035296201706
491.0,524.9999874830246,555.3274859189987
491.0,531.0000158548355,555.172912299633
492.0,529.0000235438347,559.1565908193588
492.0,628.999999165535,559.609252333641
492.0,564.9999880194664,555.6575173139572
493.0,531.0000158548355,561.8711196184158
493.0,616.0000234246254,555.7903837561607
493.0,719.9999836683273,539.8086546063423
494.0,634.9999760985374,542.3473655581474
494.0,667.9999778270721,559.3191888928413
494.0,507.99997568130493,554.5397520065308
494.0,488.00000113248825,541.6720768809319
495.0,681.0000050067902,550.0328379273415
495.0,679.9999831318855,556.5909259319305
495.0,613.9999796748161,563.7869580388069
496.0,505.9999833703041,557.5655370354652
496.0,453.0000070929527,542.9947229623795
496.0,536.999992787838,550.768875837326
497.0,705.0000156164169,554.1661519408226
497.0,620.000008046627,551.6278010606766
497.0,566.000009894371,542.6325423121452
497.0,548.9999980926514,535.2214959859848
498.0,658.9999867081642,543.309374153614
498.0,588.9999986290932,552.2373509407043
498.0,768.0000048875809,554.5512742996216
499.0,627.9999772906303,558.5488412976265
499.0,573.9999791383743,554.0700642466545
499.0,514.999974489212,549.4504991769791
500.0,548.9999980926514,553.2616004943848
500.0,679.9999831318855,556.99616086483
500.0,616.0000234246254,547.2206782698631
500.0,543.0000211596489,548.4344798326492
501.0,573.9999791383743,539.9331879615784
501.0,486.9999792575836,545.6663003563881
501.0,531.9999862909317,558.0204104185104
502.0,507.00000524520874,559.6856389641762
502.0,541.9999992847443,544.5726084113121
502.0,576.0000228881836,543.2232655882835
503.0,634.9999760985374,547.0059726834297
503.0,620.9999784827232,552.8586803078651
503.0,489.0000230073929,544.7469345331192
503.0,575.000001013279,543.727725982666
504.0,622.0000003576279,548.5447646379471
504.0,545.0000134706497,559.9525035023689
504.0,531.9999862909317,560.1665403842926
505.0,531.0000158548355,545.3421844244003
505.0,634.0000056624413,543.0820660591125
505.0,628.999999165535,554.3708783984184
506.0,569.9999945163727,548.1317110061646
506.0,547.0000057816505,553.2463231682777
506.0,515.9999963641167,557.2563897967339
506.0,510.9999898672104,556.2962329983711
507.0,552.0000122785568,556.4102213978767
507.0,540.9999774098396,547.4212896227837
507.0,566.000009894371,552.8766838908195
508.0,491.9999857544899,555.9746890068054
508.0,535.0000004768372,548.5449703931808
508.0,512.000011742115,540.5928392410278
509.0,521.000002861023,546.8663677573204
509.0,491.9999857544899,544.2794586420059
509.0,441.00000178813934,557.9463899731636
509.0,412.0000104010105,559.6002505421638
510.0,547.0000057816505,543.2405490279198
510.0,450.9999890625477,543.6893526315689
510.0,507.00000524520874,549.0482476949692
511.0,517.0000182390213,558.8913208842278
511.0,557.0000187754631,563.9001748561859
511.0,547.0000057816505,555.836472928524
512.0,514.0000040531158,542.1094096302986
512.0,550.000019967556,548.5068027973175
512.0,662.0000008940697,553.2835134267807
512.0,592.0000128149986,554.9075394868851
513.0,501.99999874830246,545.6692838072777
513.0,488.00000113248825,551.4485882520676
513.0,510.0000194311142,538.2846255898476
514.0,524.0000170469284,548.151463508606
514.0,482.99999463558197,552.5508190393448
514.0,479.0000100135803,557.9274604916573
515.0,722.9999978542328,554.7088313698769
515.0,679.9999831318855,543.6945479512215
515.0,601.9999743700027,548.4661146998405
515.0,568.0000022053719,554.8468416929245
516.0,533.9999786019325,552.0673456788063
516.0,592.9999832510948,560.2581014633179
516.0,620.000008046627,555.8343639373779
517.0,674.000006198883,558.0638762116432
517.0,494.99999994039536,554.897971868515
517.0,456.0000212788582,551.8409634828568
518.0,503.9999910593033,546.8663677573204
518.0,578.9999856352806,547.9389697909355
518.0,757.0000214576721,559.9917513132095
518.0,646.9999814033508,552.0401345491409
519.0,555.9999969005585,548.0081549882889
519.0,597.0000193119049,554.7038418054581
519.0,531.9999862909317,555.4621012806892
520.0,526.0000093579292,555.5269141793251
520.0,521.000002861023,546.6965682506561
520.0,479.9999804496765,546.9832881689072
521.0,576.9999933242798,552.2571034431458
521.0,592.0000128149986,554.3292644023895
521.0,536.0000223517418,557.4429069161415
521.0,458.000013589859,557.9739097356796
522.0,453.0000070929527,554.2922284603119
522.0,434.99999913573265,555.3242452740669
522.0,468.99999701976776,553.0981793999672
523.0,522.0000247359276,560.030278980732
523.0,493.9999780654907,556.050664126873
523.0,528.00000166893,558.2880465388298
524.0,653.9999802112579,557.498820900917
524.0,595.9999974370003,560.1749249100685
524.0,547.9999762177467,565.1368666887283
524.0,521.000002861023,567.8356552124023
525.0,536.999992787838,554.9846462607384
525.0,477.0000177025795,564.3563342094421
525.0,479.9999804496765,559.0140024423599
526.0,526.0000093579292,558.0708718895912
526.0,554.0000045895576,554.3709298372269
526.0,597.0000193119049,555.2595352530479
527.0,538.9999850988388,558.4619611501694
527.0,475.99999582767487,554.8804312348366
527.0,414.00000271201134,545.2946035265923
527.0,512.000011742115,551.0511205792427
528.0,555.9999969005585,559.4640405774117
528.0,604.000018119812,560.5772278308868
528.0,580.0000075101852,558.571525812149
529.0,517.9999886751175,557.258035838604
529.0,510.9999898672104,561.1154320836067
529.0,463.0000200867653,561.6206640601158
530.0,503.0000206232071,540.9821281433105
530.0,538.0000146627426,544.0830652713776
530.0,468.99999701976776,550.2759891748428
530.0,460.999976336956,553.3063008189201
531.0,618.0000157356262,556.367115676403
531.0,540.0000069737434,551.0149076581001
531.0,479.9999804496765,548.5657516717911
532.0,472.0000112056732,544.3393848538399
532.0,620.9999784827232,559.7913457155228
532.0,524.9999874830246,563.5423150658607
533.0,512.9999821782112,558.8662187457085
533.0,496.9999922513962,551.8912706375122
533.0,435.99999529123306,538.7499924898148
533.0,460.00000590085983,546.3700861334801
534.0,573.9999791383743,553.9435762166977
534.0,519.0000105500221,550.34538012743
534.0,458.9999840259552,556.111413359642
535.0,512.9999821782112,556.47776055336
535.0,583.0000216960907,556.649977684021
535.0,554.9999750256538,560.2095946669579
536.0,465.9999828338623,551.2577502727509
536.0,395.99999475479126,550.1311374902725
536.0,406.0000077486038,555.0766702890396
536.0,536.999992787838,562.3900857567787
537.0,422.99999383091927,562.696300983429
537.0,405.0000115931034,564.4394078850746
537.0,433.0000068247318,561.2810650467873
538.0,405.0000115931034,556.092175245285
538.0,435.99999529123306,558.8215698599815
538.0,496.9999922513962,555.5892580151558
539.0,430.9999887943268,544.852898478508
539.0,465.0000123977661,549.6769328117371
539.0,557.9999892115593,553.7350432872772
539.0,545.0000134706497,556.1597144007683
540.0,481.00000232458115,554.7324417829514
540.0,450.9999890625477,560.320496737957
540.0,489.9999934434891,559.87987190485
541.0,484.0000165104866,555.0872666835785
541.0,479.0000100135803,552.2693458795547
541.0,440.00000563263893,548.348525583744
542.0,414.00000271201134,553.1348038315773
542.0,422.99999383091927,559.0464603304863
542.0,505.0000129342079,564.5764923095703
542.0,472.9999816417694,555.4788703322411
543.0,500.00000643730164,551.411089360714
543.0,498.0000141263008,546.9179094433784
543.0,440.00000563263893,549.0875983834267
544.0,387.99999979138374,554.6403663158417
544.0,453.0000070929527,555.2523338198662
544.0,524.0000170469284,559.931876540184
545.0,421.99999767541885,556.7393783330917
545.0,468.99999701976776,553.7126159667969
545.0,548.9999980926514,560.4737843871117
545.0,498.0000141263008,561.2458809018135
546.0,465.9999828338623,546.8890008330345
546.0,461.99999821186066,553.6323199868202
546.0,468.99999701976776,559.1390501856804
547.0,524.0000170469284,559.5075063705444
547.0,475.99999582767487,545.6638827323914
547.0,555.9999969005585,553.3439540266991
548.0,445.0000121295452,554.2293187975883
548.0,428.99999648332596,555.7055097222328
548.0,421.99999767541885,561.8155657052994
548.0,472.9999816417694,560.1772910952568
549.0,489.0000230073929,550.1283083558083
549.0,514.999974489212,555.3143690228462
549.0,447.00000444054604,560.7101457118988
550.0,493.00000762939453,555.4887465834618
550.0,472.9999816417694,548.9280351996422
550.0,465.9999828338623,550.7525697350502
551.0,460.999976336956,558.6887548565865
551.0,559.9999815225601,564.8059608340263
551.0,510.9999898672104,563.8152493834496
551.0,436.9999914467335,552.0268118977547
552.0,445.0000121295452,562.6723304986954
552.0,475.99999582767487,564.7636266946793
552.0,467.99997514486313,562.5892053842545
553.0,477.9999881386757,565.4807351231575
553.0,503.0000206232071,563.1008157730103
553.0,461.99999821186066,557.6358024477959
554.0,426.0000080168247,564.0042355656624
554.0,508.99999755620956,560.8619930744171
554.0,430.9999887943268,552.1435779929161
554.0,433.0000068247318,553.7399299740791
555.0,529.0000235438347,560.0715329051018
555.0,512.9999821782112,563.0898078680038
555.0,415.99999502301216,559.4773117899895
556.0,428.00000032782555,560.0319764614105
556.0,508.99999755620956,560.5347908139229
556.0,477.0000177025795,564.3250594139099
557.0,472.0000112056732,566.6490133404732
557.0,479.0000100135803,565.634125649929
557.0,479.9999804496765,557.7459843754768
557.0,522.9999951720238,560.851602435112
558.0,484.0000165104866,558.216598033905
558.0,446.0000082850456,558.4393280744553
558.0,517.0000182390213,563.9463154673576
559.0,477.0000177025795,568.5206658244133
559.0,458.9999840259552,562.5377665758133
559.0,488.00000113248825,555.8832822442055
560.0,543.0000211596489,565.5538811087608
560.0,443.9999902546406,560.7468730211258
560.0,429.99999263882637,552.8963335156441
560.0,559.9999815225601,557.3748533725739
561.0,501.99999874830246,560.4038276076317
561.0,416.9999911785126,560.9912073612213
561.0,408.00000005960464,560.4737843871117
562.0,383.9999894499779,555.4938904643059
562.0,385.0000113248825,560.1458105444908
562.0,501.99999874830246,552.6592006087303
563.0,609.9999950528145,563.2208739519119
563.0,536.999992787838,564.8924809098244
563.0,470.9999893307686,565.5538811087608
563.0,421.00000151991844,560.7479532361031
564.0,394.00000244379044,559.0102988481522
564.0,472.0000112056732,556.5601140856743
564.0,599.0000116229057,563.005293905735
565.0,467.00000470876694,558.4889150857925
565.0,420.00000536441803,559.7513263225555
565.0,393.00000628829,559.983058154583
566.0,434.99999913573265,559.6316796541214
566.0,517.0000182390213,550.6065349578857
566.0,486.9999792575836,555.6926500201225
566.0,415.99999502301216,563.4038932323456
567.0,415.99999502301216,563.2208739519119
567.0,443.9999902546406,560.7042302489281
567.0,460.999976336956,562.0903003811836
568.0,460.00000590085983,561.2223733663559
568.0,440.00000563263893,558.946617603302
568.0,461.99999821186066,562.9861072301865
569.0,472.0000112056732,566.1889960765839
569.0,521.000002861023,558.0872294306755
569.0,470.9999893307686,565.4713218212128
569.0,446.0000082850456,565.2655665874481
570.0,446.0000082850456,556.0659928917885
570.0,514.999974489212,557.544292807579
570.0,538.0000146627426,566.5957227349281
571.0,448.00000059604645,565.3943693637848
571.0,383.9999894499779,557.7461901307106
571.0,517.9999886751175,560.5249145627022
572.0,524.9999874830246,561.0102397203445
572.0,445.0000121295452,560.125080704689
572.0,410.9999885261059,559.87987190485
572.0,409.99999237060547,555.6153889298439
573.0,557.0000187754631,559.2109102010727
573.0,519.0000105500221,562.5595251917839
573.0,428.99999648332596,555.917386174202
574.0,429.99999263882637,559.5527210831642
574.0,398.0000127851963,561.1712431907654
574.0,412.0000104010105,558.5679765343666
575.0,489.9999934434891,553.1559451818466
575.0,425.0000118613243,562.4160109162331
575.0,447.00000444054604,563.5938567519188
575.0,385.0000113248825,551.6049107909203
576.0,470.0000188946724,557.1886963248253
576.0,486.9999792575836,565.2402586936951
576.0,428.99999648332596,566.2904848456383
577.0,417.999987334013,568.5746765732765
577.0,440.00000563263893,568.5142874121666
577.0,472.9999816417694,557.8716493844986
578.0,515.9999963641167,548.2084062695503
578.0,435.99999529123306,554.7324417829514
578.0,446.0000082850456,560.9033498764038
578.0,453.9999775290489,565.2554331421852
579.0,380.0000048279762,567.24539488554
579.0,477.0000177025795,560.1301217079163
579.0,470.0000188946724,548.7510342597961
580.0,416.9999911785126,561.36347001791
580.0,429.99999263882637,565.9070085287094
580.0,496.9999922513962,568.1147621870041
581.0,463.9999905228615,564.4394078850746
581.0,433.0000068247318,556.807380437851
581.0,488.00000113248825,559.7817266583443
581.0,419.0000092089176,566.5957227349281
582.0,440.00000563263893,566.7312125563622
582.0,448.99999675154686,564.2612238526344
582.0,402.99999356269836,562.599184513092
583.0,467.00000470876694,562.8532922267914
583.0,441.00000178813934,564.5572027564049
583.0,392.0000101327896,562.3574221134186
584.0,420.00000536441803,561.4543109536171
584.0,475.99999582767487,556.8118556141853
584.0,545.9999839067459,561.7322862744331
584.0,441.99999794363976,564.4218158125877
585.0,430.9999887943268,564.4557139873505
585.0,420.00000536441803,557.7488649487495
585.0,449.9999929070473,555.4229563474655
586.0,417.999987334013,563.9708003401756
586.0,395.99999475479126,569.5983603000641
586.0,442.99999409914017,557.2627682089806
587.0,590.0000205039978,556.7445222139359
587.0,463.9999905228615,564.230154812336
587.0,441.99999794363976,567.0721489787102
587.0,489.0000230073929,566.6930449604988
588.0,486.0000088214874,552.8192267417908
588.0,514.999974489212,556.4074437022209
588.0,486.0000088214874,564.8924809098244
589.0,456.9999917149544,564.808018386364
589.0,456.9999917149544,567.5622579455376
589.0,503.0000206232071,566.3022128939629
590.0,434.00000298023224,559.0619948506355
590.0,408.00000005960464,565.1671127080917
590.0,468.99999701976776,563.005293905735
590.0,454.99999940395355,568.5142874121666
591.0,450.9999890625477,560.7654938697815
591.0,425.0000118613243,559.1554591655731
591.0,465.0000123977661,564.3667762875557
592.0,414.99999886751175,565.3777546286583
592.0,514.999974489212,563.4445813298225
592.0,441.00000178813934,560.0814091563225
593.0,458.9999840259552,555.9644526839256
593.0,503.9999910593033,563.5714808702469
593.0,482.99999463558197,562.8947004675865
593.0,448.00000059604645,561.861809194088
594.0,491.9999857544899,567.7893088459969
594.0,433.0000068247318,558.8754777312279
594.0,409.99999237060547,559.4881653785706
595.0,489.0000230073929,564.3634842038155
595.0,388.99999594688416,563.471689581871
595.0,353.0000057518482,557.0362831354141
596.0,376.99999064207077,559.8256039619446
596.0,481.00000232458115,562.6532981395721
596.0,445.0000121295452,557.5855981707573
596.0,383.9999894499779,564.2943504452705
597.0,395.99999475479126,562.2803153395653
597.0,386.0000074803829,561.3817307949066
597.0,460.999976336956,565.3087751865387
598.0,465.9999828338623,559.7656263113022
598.0,470.0000188946724,562.2240412831306
598.0,503.9999910593033,566.758835196495
599.0,421.99999767541885,564.3343183994293
599.0,373.0000060200691,559.3530356287956
599.0,395.99999475479126,552.6517934203148
599.0,507.99997568130493,562.3663210272789
600.0,409.99999237060547,563.3055422306061
600.0,394.99999859929085,564.6860055327415
